Workbook

Sheet 📊 Dashboard
B2: 📊 EARLY WARNING SIGNS — OPERATIONS DASHBOARD
B5: TEAM-LEVEL RISK SUMMARY
B6: Team | C6: Total Headcount | D6: 🟢 GREEN | E6: 🟡 YELLOW | F6: 🔴 RED | G6: ⚫ BLACK | H6: % At Risk (RED+BLACK) | I6: Avg Risk Score | J6: Top Indicator | K6: Action Priority
B7: Abigael Singcol Manalaysay | C7: 25 | D7: =COUNTIF('Abigael Singcol Manalaysay'!$G$5:$G$29,"*GREEN*") -> 0 | E7: =COUNTIF('Abigael Singcol Manalaysay'!$G$5:$G$29,"*YELLOW*") -> 25 | F7: =COUNTIF('Abigael Singcol Manalaysay'!$G$5:$G$29,"*RED*") -> 0 | G7: =COUNTIF('Abigael Singcol Manalaysay'!$G$5:$G$29,"*BLACK*") -> 0 | H7: =IFERROR((F7+G7)/C7,0) -> 0 | I7: =IFERROR(AVERAGE('Abigael Singcol Manalaysay'!$S$5:$S$29),0) -> 0 | K7: =IF(G7>0,"🚨 IMMEDIATE",IF(F7>0,"⚠️ HIGH",IF(E7>0,"📋 MONITOR","✅ STABLE"))) -> 📋 MONITOR
B8: Aida Marie Rodriguez | C8: 10 | D8: =COUNTIF('Aida Marie Rodriguez'!$G$5:$G$14,"*GREEN*") -> 0 | E8: =COUNTIF('Aida Marie Rodriguez'!$G$5:$G$14,"*YELLOW*") -> 10 | F8: =COUNTIF('Aida Marie Rodriguez'!$G$5:$G$14,"*RED*") -> 0 | G8: =COUNTIF('Aida Marie Rodriguez'!$G$5:$G$14,"*BLACK*") -> 0 | H8: =IFERROR((F8+G8)/C8,0) -> 0 | I8: =IFERROR(AVERAGE('Aida Marie Rodriguez'!$S$5:$S$14),0) -> 0 | K8: =IF(G8>0,"🚨 IMMEDIATE",IF(F8>0,"⚠️ HIGH",IF(E8>0,"📋 MONITOR","✅ STABLE"))) -> 📋 MONITOR
B9: Ailene Logronio Laure | C9: 18 | D9: =COUNTIF('Ailene Logronio Laure'!$G$5:$G$22,"*GREEN*") -> 0 | E9: =COUNTIF('Ailene Logronio Laure'!$G$5:$G$22,"*YELLOW*") -> 18 | F9: =COUNTIF('Ailene Logronio Laure'!$G$5:$G$22,"*RED*") -> 0 | G9: =COUNTIF('Ailene Logronio Laure'!$G$5:$G$22,"*BLACK*") -> 0 | H9: =IFERROR((F9+G9)/C9,0) -> 0 | I9: =IFERROR(AVERAGE('Ailene Logronio Laure'!$S$5:$S$22),0) -> 0 | K9: =IF(G9>0,"🚨 IMMEDIATE",IF(F9>0,"⚠️ HIGH",IF(E9>0,"📋 MONITOR","✅ STABLE"))) -> 📋 MONITOR
B10: Alanie Sanchez Lapuz | C10: 5 | D10: =COUNTIF('Alanie Sanchez Lapuz'!$G$5:$G$9,"*GREEN*") -> 0 | E10: =COUNTIF('Alanie Sanchez Lapuz'!$G$5:$G$9,"*YELLOW*") -> 5 | F10: =COUNTIF('Alanie Sanchez Lapuz'!$G$5:$G$9,"*RED*") -> 0 | G10: =COUNTIF('Alanie Sanchez Lapuz'!$G$5:$G$9,"*BLACK*") -> 0 | H10: =IFERROR((F10+G10)/C10,0) -> 0 | I10: =IFERROR(AVERAGE('Alanie Sanchez Lapuz'!$S$5:$S$9),0) -> 0 | K10: =IF(G10>0,"🚨 IMMEDIATE",IF(F10>0,"⚠️ HIGH",IF(E10>0,"📋 MONITOR","✅ STABLE"))) -> 📋 MONITOR
B11: Alyana Marie Jose Dela Cruz | C11: 24 | D11: =COUNTIF('Alyana Marie Jose Dela Cruz'!$G$5:$G$28,"*GREEN*") -> 0 | E11: =COUNTIF('Alyana Marie Jose Dela Cruz'!$G$5:$G$28,"*YELLOW*") -> 24 | F11: =COUNTIF('Alyana Marie Jose Dela Cruz'!$G$5:$G$28,"*RED*") -> 0 | G11: =COUNTIF('Alyana Marie Jose Dela Cruz'!$G$5:$G$28,"*BLACK*") -> 0 | H11: =IFERROR((F11+G11)/C11,0) -> 0 | I11: =IFERROR(AVERAGE('Alyana Marie Jose Dela Cruz'!$S$5:$S$28),0) -> 0 | K11: =IF(G11>0,"🚨 IMMEDIATE",IF(F11>0,"⚠️ HIGH",IF(E11>0,"📋 MONITOR","✅ STABLE"))) -> 📋 MONITOR
B12: Archiene Ross Calderon Herbias | C12: 18 | D12: =COUNTIF('Archiene Ross Calderon Herbias'!$G$5:$G$22,"*GREEN*") -> 0 | E12: =COUNTIF('Archiene Ross Calderon Herbias'!$G$5:$G$22,"*YELLOW*") -> 18 | F12: =COUNTIF('Archiene Ross Calderon Herbias'!$G$5:$G$22,"*RED*") -> 0 | G12: =COUNTIF('Archiene Ross Calderon Herbias'!$G$5:$G$22,"*BLACK*") -> 0 | H12: =IFERROR((F12+G12)/C12,0) -> 0 | I12: =IFERROR(AVERAGE('Archiene Ross Calderon Herbias'!$S$5:$S$22),0) -> 0 | K12: =IF(G12>0,"🚨 IMMEDIATE",IF(F12>0,"⚠️ HIGH",IF(E12>0,"📋 MONITOR","✅ STABLE"))) -> 📋 MONITOR
B13: Beulah Grace Arroyo Dacanay | E13: =COUNTIF('Beulah Grace Arroyo Dacanay'!$G$5:$G$23,"*YELLOW*") -> 19 | G13: =COUNTIF('Beulah Grace Arroyo Dacanay'!$G$5:$G$23,"*BLACK*") -> 0 | I13: =IFERROR(AVERAGE('Beulah Grace Arroyo Dacanay'!$S$5:$S$23),0) -> 0 | K13: =IF(G13>0,"🚨 IMMEDIATE",IF(F13>0,"⚠️ HIGH",IF(E13>0,"📋 MONITOR","✅ STABLE"))) -> 📋 MONITOR
B14: Carlo Angelo Lim Regalado | E14: =COUNTIF('Carlo Angelo Lim Regalado'!$G$5:$G$8,"*YELLOW*") -> 4 | G14: =COUNTIF('Carlo Angelo Lim Regalado'!$G$5:$G$8,"*BLACK*") -> 0 | I14: =IFERROR(AVERAGE('Carlo Angelo Lim Regalado'!$S$5:$S$8),0) -> 0 | K14: =IF(G14>0,"🚨 IMMEDIATE",IF(F14>0,"⚠️ HIGH",IF(E14>0,"📋 MONITOR","✅ STABLE"))) -> 📋 MONITOR
B15: Cathreen Aizha Ria Almazan | C15: 4 | D15: =COUNTIF('Cathreen Aizha Ria Almazan'!$G$5:$G$8,"*GREEN*") -> 0 | E15: =COUNTIF('Cathreen Aizha Ria Almazan'!$G$5:$G$8,"*YELLOW*") -> 4 | F15: =COUNTIF('Cathreen Aizha Ria Almazan'!$G$5:$G$8,"*RED*") -> 0 | G15: =COUNTIF('Cathreen Aizha Ria Almazan'!$G$5:$G$8,"*BLACK*") -> 0 | H15: =IFERROR((F15+G15)/C15,0) -> 0 | I15: =IFERROR(AVERAGE('Cathreen Aizha Ria Almazan'!$S$5:$S$8),0) -> 0 | K15: =IF(G15>0,"🚨 IMMEDIATE",IF(F15>0,"⚠️ HIGH",IF(E15>0,"📋 MONITOR","✅ STABLE"))) -> 📋 MONITOR
B16: Charlie Jr De Asis Cuartero
B17: Charmaine Garde Calupig | C17: 13 | D17: =COUNTIF('Charmaine Garde Calupig'!$G$5:$G$17,"*GREEN*") -> 0 | E17: =COUNTIF('Charmaine Garde Calupig'!$G$5:$G$17,"*YELLOW*") -> 13 | F17: =COUNTIF('Charmaine Garde Calupig'!$G$5:$G$17,"*RED*") -> 0 | G17: =COUNTIF('Charmaine Garde Calupig'!$G$5:$G$17,"*BLACK*") -> 0 | H17: =IFERROR((F17+G17)/C17,0) -> 0 | I17: =IFERROR(AVERAGE('Charmaine Garde Calupig'!$S$5:$S$17),0) -> 0 | K17: =IF(G17>0,"🚨 IMMEDIATE",IF(F17>0,"⚠️ HIGH",IF(E17>0,"📋 MONITOR","✅ STABLE"))) -> 📋 MONITOR
B18: Chrisel Lingat Martinez | C18: 10 | D18: =COUNTIF('Chrisel Lingat Martinez'!$G$5:$G$14,"*GREEN*") -> 0 | E18: =COUNTIF('Chrisel Lingat Martinez'!$G$5:$G$14,"*YELLOW*") -> 10 | F18: =COUNTIF('Chrisel Lingat Martinez'!$G$5:$G$14,"*RED*") -> 0 | G18: =COUNTIF('Chrisel Lingat Martinez'!$G$5:$G$14,"*BLACK*") -> 0 | H18: =IFERROR((F18+G18)/C18,0) -> 0 | I18: =IFERROR(AVERAGE('Chrisel Lingat Martinez'!$S$5:$S$14),0) -> 0 | K18: =IF(G18>0,"🚨 IMMEDIATE",IF(F18>0,"⚠️ HIGH",IF(E18>0,"📋 MONITOR","✅ STABLE"))) -> 📋 MONITOR
B19: Cres Marvin Alexander Alvaro
B20: Danica Villano Furiscal | C20: 19 | D20: =COUNTIF('Danica Villano Furiscal'!$G$5:$G$23,"*GREEN*") -> 0 | E20: =COUNTIF('Danica Villano Furiscal'!$G$5:$G$23,"*YELLOW*") -> 19 | F20: =COUNTIF('Danica Villano Furiscal'!$G$5:$G$23,"*RED*") -> 0 | G20: =COUNTIF('Danica Villano Furiscal'!$G$5:$G$23,"*BLACK*") -> 0 | H20: =IFERROR((F20+G20)/C20,0) -> 0 | I20: =IFERROR(AVERAGE('Danica Villano Furiscal'!$S$5:$S$23),0) -> 0 | K20: =IF(G20>0,"🚨 IMMEDIATE",IF(F20>0,"⚠️ HIGH",IF(E20>0,"📋 MONITOR","✅ STABLE"))) -> 📋 MONITOR
B21: Desiree Granpil Rudio | C21: 12 | D21: =COUNTIF('Desiree Granpil Rudio'!$G$5:$G$16,"*GREEN*") -> 0 | E21: =COUNTIF('Desiree Granpil Rudio'!$G$5:$G$16,"*YELLOW*") -> 12 | F21: =COUNTIF('Desiree Granpil Rudio'!$G$5:$G$16,"*RED*") -> 0 | G21: =COUNTIF('Desiree Granpil Rudio'!$G$5:$G$16,"*BLACK*") -> 0 | H21: =IFERROR((F21+G21)/C21,0) -> 0 | I21: =IFERROR(AVERAGE('Desiree Granpil Rudio'!$S$5:$S$16),0) -> 0 | K21: =IF(G21>0,"🚨 IMMEDIATE",IF(F21>0,"⚠️ HIGH",IF(E21>0,"📋 MONITOR","✅ STABLE"))) -> 📋 MONITOR
B22: Donabel Sabado Corrales | C22: 17 | D22: =COUNTIF('Donabel Sabado Corrales'!$G$5:$G$21,"*GREEN*") -> 0 | E22: =COUNTIF('Donabel Sabado Corrales'!$G$5:$G$21,"*YELLOW*") -> 17 | F22: =COUNTIF('Donabel Sabado Corrales'!$G$5:$G$21,"*RED*") -> 0 | G22: =COUNTIF('Donabel Sabado Corrales'!$G$5:$G$21,"*BLACK*") -> 0 | H22: =IFERROR((F22+G22)/C22,0) -> 0 | I22: =IFERROR(AVERAGE('Donabel Sabado Corrales'!$S$5:$S$21),0) -> 0 | K22: =IF(G22>0,"🚨 IMMEDIATE",IF(F22>0,"⚠️ HIGH",IF(E22>0,"📋 MONITOR","✅ STABLE"))) -> 📋 MONITOR
B23: Efren Jr Caitor Variacion | C23: 18 | D23: =COUNTIF('Efren Jr Caitor Variacion'!$G$5:$G$22,"*GREEN*") -> 0 | E23: =COUNTIF('Efren Jr Caitor Variacion'!$G$5:$G$22,"*YELLOW*") -> 18 | F23: =COUNTIF('Efren Jr Caitor Variacion'!$G$5:$G$22,"*RED*") -> 0 | G23: =COUNTIF('Efren Jr Caitor Variacion'!$G$5:$G$22,"*BLACK*") -> 0 | H23: =IFERROR((F23+G23)/C23,0) -> 0 | I23: =IFERROR(AVERAGE('Efren Jr Caitor Variacion'!$S$5:$S$22),0) -> 0 | K23: =IF(G23>0,"🚨 IMMEDIATE",IF(F23>0,"⚠️ HIGH",IF(E23>0,"📋 MONITOR","✅ STABLE"))) -> 📋 MONITOR
B24: Frederic Matthew Carlos Tuting | C24: 4 | D24: =COUNTIF('Frederic Matthew Carlos Tuting'!$G$5:$G$8,"*GREEN*") -> 0 | E24: =COUNTIF('Frederic Matthew Carlos Tuting'!$G$5:$G$8,"*YELLOW*") -> 4 | F24: =COUNTIF('Frederic Matthew Carlos Tuting'!$G$5:$G$8,"*RED*") -> 0 | G24: =COUNTIF('Frederic Matthew Carlos Tuting'!$G$5:$G$8,"*BLACK*") -> 0 | H24: =IFERROR((F24+G24)/C24,0) -> 0 | I24: =IFERROR(AVERAGE('Frederic Matthew Carlos Tuting'!$S$5:$S$8),0) -> 0 | K24: =IF(G24>0,"🚨 IMMEDIATE",IF(F24>0,"⚠️ HIGH",IF(E24>0,"📋 MONITOR","✅ STABLE"))) -> 📋 MONITOR
B25: Gay Olid Lobrin | C25: 16 | D25: =COUNTIF('Gay Olid Lobrin'!$G$5:$G$20,"*GREEN*") -> 0 | E25: =COUNTIF('Gay Olid Lobrin'!$G$5:$G$20,"*YELLOW*") -> 16 | F25: =COUNTIF('Gay Olid Lobrin'!$G$5:$G$20,"*RED*") -> 0 | G25: =COUNTIF('Gay Olid Lobrin'!$G$5:$G$20,"*BLACK*") -> 0 | H25: =IFERROR((F25+G25)/C25,0) -> 0 | I25: =IFERROR(AVERAGE('Gay Olid Lobrin'!$S$5:$S$20),0) -> 0 | K25: =IF(G25>0,"🚨 IMMEDIATE",IF(F25>0,"⚠️ HIGH",IF(E25>0,"📋 MONITOR","✅ STABLE"))) -> 📋 MONITOR
B26: Hector Ramiro Laboy- Lebron | C26: 14 | D26: =COUNTIF('Hector Ramiro Laboy- Lebron'!$G$5:$G$18,"*GREEN*") -> 0 | E26: =COUNTIF('Hector Ramiro Laboy- Lebron'!$G$5:$G$18,"*YELLOW*") -> 14 | F26: =COUNTIF('Hector Ramiro Laboy- Lebron'!$G$5:$G$18,"*RED*") -> 0 | G26: =COUNTIF('Hector Ramiro Laboy- Lebron'!$G$5:$G$18,"*BLACK*") -> 0 | H26: =IFERROR((F26+G26)/C26,0) -> 0 | I26: =IFERROR(AVERAGE('Hector Ramiro Laboy- Lebron'!$S$5:$S$18),0) -> 0 | K26: =IF(G26>0,"🚨 IMMEDIATE",IF(F26>0,"⚠️ HIGH",IF(E26>0,"📋 MONITOR","✅ STABLE"))) -> 📋 MONITOR
B27: Janice Carbonilla Rudila | C27: 6 | D27: =COUNTIF('Janice Carbonilla Rudila'!$G$5:$G$10,"*GREEN*") -> 0 | E27: =COUNTIF('Janice Carbonilla Rudila'!$G$5:$G$10,"*YELLOW*") -> 6 | F27: =COUNTIF('Janice Carbonilla Rudila'!$G$5:$G$10,"*RED*") -> 0 | G27: =COUNTIF('Janice Carbonilla Rudila'!$G$5:$G$10,"*BLACK*") -> 0 | H27: =IFERROR((F27+G27)/C27,0) -> 0 | I27: =IFERROR(AVERAGE('Janice Carbonilla Rudila'!$S$5:$S$10),0) -> 0 | K27: =IF(G27>0,"🚨 IMMEDIATE",IF(F27>0,"⚠️ HIGH",IF(E27>0,"📋 MONITOR","✅ STABLE"))) -> 📋 MONITOR
B28: Jean Paul Raymundo Larracas | C28: 22 | D28: =COUNTIF('Jean Paul Raymundo Larracas'!$G$5:$G$26,"*GREEN*") -> 0 | E28: =COUNTIF('Jean Paul Raymundo Larracas'!$G$5:$G$26,"*YELLOW*") -> 22 | F28: =COUNTIF('Jean Paul Raymundo Larracas'!$G$5:$G$26,"*RED*") -> 0 | G28: =COUNTIF('Jean Paul Raymundo Larracas'!$G$5:$G$26,"*BLACK*") -> 0 | H28: =IFERROR((F28+G28)/C28,0) -> 0 | I28: =IFERROR(AVERAGE('Jean Paul Raymundo Larracas'!$S$5:$S$26),0) -> 0 | K28: =IF(G28>0,"🚨 IMMEDIATE",IF(F28>0,"⚠️ HIGH",IF(E28>0,"📋 MONITOR","✅ STABLE"))) -> 📋 MONITOR
B29: Jennie Ann Mondido Abrasado | C29: 20 | D29: =COUNTIF('Jennie Ann Mondido Abrasado'!$G$5:$G$24,"*GREEN*") -> 0 | E29: =COUNTIF('Jennie Ann Mondido Abrasado'!$G$5:$G$24,"*YELLOW*") -> 20 | F29: =COUNTIF('Jennie Ann Mondido Abrasado'!$G$5:$G$24,"*RED*") -> 0 | G29: =COUNTIF('Jennie Ann Mondido Abrasado'!$G$5:$G$24,"*BLACK*") -> 0 | H29: =IFERROR((F29+G29)/C29,0) -> 0 | I29: =IFERROR(AVERAGE('Jennie Ann Mondido Abrasado'!$S$5:$S$24),0) -> 0 | K29: =IF(G29>0,"🚨 IMMEDIATE",IF(F29>0,"⚠️ HIGH",IF(E29>0,"📋 MONITOR","✅ STABLE"))) -> 📋 MONITOR
B30: Jennifer N BurgoS-Rivera | C30: 14 | D30: =COUNTIF('Jennifer N BurgoS-Rivera'!$G$5:$G$18,"*GREEN*") -> 0 | E30: =COUNTIF('Jennifer N BurgoS-Rivera'!$G$5:$G$18,"*YELLOW*") -> 14 | F30: =COUNTIF('Jennifer N BurgoS-Rivera'!$G$5:$G$18,"*RED*") -> 0 | G30: =COUNTIF('Jennifer N BurgoS-Rivera'!$G$5:$G$18,"*BLACK*") -> 0 | H30: =IFERROR((F30+G30)/C30,0) -> 0 | I30: =IFERROR(AVERAGE('Jennifer N BurgoS-Rivera'!$S$5:$S$18),0) -> 0 | K30: =IF(G30>0,"🚨 IMMEDIATE",IF(F30>0,"⚠️ HIGH",IF(E30>0,"📋 MONITOR","✅ STABLE"))) -> 📋 MONITOR
B31: Jeric Amazona Mansibang | C31: 18 | D31: =COUNTIF('Jeric Amazona Mansibang'!$G$5:$G$22,"*GREEN*") -> 0 | E31: =COUNTIF('Jeric Amazona Mansibang'!$G$5:$G$22,"*YELLOW*") -> 18 | F31: =COUNTIF('Jeric Amazona Mansibang'!$G$5:$G$22,"*RED*") -> 0 | G31: =COUNTIF('Jeric Amazona Mansibang'!$G$5:$G$22,"*BLACK*") -> 0 | H31: =IFERROR((F31+G31)/C31,0) -> 0 | I31: =IFERROR(AVERAGE('Jeric Amazona Mansibang'!$S$5:$S$22),0) -> 0 | K31: =IF(G31>0,"🚨 IMMEDIATE",IF(F31>0,"⚠️ HIGH",IF(E31>0,"📋 MONITOR","✅ STABLE"))) -> 📋 MONITOR
B32: John Earl Melitado Lagare | C32: 16 | D32: =COUNTIF('John Earl Melitado Lagare'!$G$5:$G$20,"*GREEN*") -> 0 | E32: =COUNTIF('John Earl Melitado Lagare'!$G$5:$G$20,"*YELLOW*") -> 16 | F32: =COUNTIF('John Earl Melitado Lagare'!$G$5:$G$20,"*RED*") -> 0 | G32: =COUNTIF('John Earl Melitado Lagare'!$G$5:$G$20,"*BLACK*") -> 0 | H32: =IFERROR((F32+G32)/C32,0) -> 0 | I32: =IFERROR(AVERAGE('John Earl Melitado Lagare'!$S$5:$S$20),0) -> 0 | K32: =IF(G32>0,"🚨 IMMEDIATE",IF(F32>0,"⚠️ HIGH",IF(E32>0,"📋 MONITOR","✅ STABLE"))) -> 📋 MONITOR
B33: Johnny Rey Diaz Bonocan
B34: Joseph Andrew Cera Ballesteros | C34: 15 | D34: =COUNTIF('Joseph Andrew Cera Ballesteros'!$G$5:$G$19,"*GREEN*") -> 0 | E34: =COUNTIF('Joseph Andrew Cera Ballesteros'!$G$5:$G$19,"*YELLOW*") -> 15 | F34: =COUNTIF('Joseph Andrew Cera Ballesteros'!$G$5:$G$19,"*RED*") -> 0 | G34: =COUNTIF('Joseph Andrew Cera Ballesteros'!$G$5:$G$19,"*BLACK*") -> 0 | H34: =IFERROR((F34+G34)/C34,0) -> 0 | I34: =IFERROR(AVERAGE('Joseph Andrew Cera Ballesteros'!$S$5:$S$19),0) -> 0 | K34: =IF(G34>0,"🚨 IMMEDIATE",IF(F34>0,"⚠️ HIGH",IF(E34>0,"📋 MONITOR","✅ STABLE"))) -> 📋 MONITOR
B35: Kathrina Mae Suycano Silangan | C35: 21 | D35: =COUNTIF('Kathrina Mae Suycano Silangan'!$G$5:$G$25,"*GREEN*") -> 0 | E35: =COUNTIF('Kathrina Mae Suycano Silangan'!$G$5:$G$25,"*YELLOW*") -> 21 | F35: =COUNTIF('Kathrina Mae Suycano Silangan'!$G$5:$G$25,"*RED*") -> 0 | G35: =COUNTIF('Kathrina Mae Suycano Silangan'!$G$5:$G$25,"*BLACK*") -> 0 | H35: =IFERROR((F35+G35)/C35,0) -> 0 | I35: =IFERROR(AVERAGE('Kathrina Mae Suycano Silangan'!$S$5:$S$25),0) -> 0 | K35: =IF(G35>0,"🚨 IMMEDIATE",IF(F35>0,"⚠️ HIGH",IF(E35>0,"📋 MONITOR","✅ STABLE"))) -> 📋 MONITOR
B36: Khyno Elimanco Cortez | C36: 19 | D36: =COUNTIF('Khyno Elimanco Cortez'!$G$5:$G$23,"*GREEN*") -> 0 | E36: =COUNTIF('Khyno Elimanco Cortez'!$G$5:$G$23,"*YELLOW*") -> 19 | F36: =COUNTIF('Khyno Elimanco Cortez'!$G$5:$G$23,"*RED*") -> 0 | G36: =COUNTIF('Khyno Elimanco Cortez'!$G$5:$G$23,"*BLACK*") -> 0 | H36: =IFERROR((F36+G36)/C36,0) -> 0 | I36: =IFERROR(AVERAGE('Khyno Elimanco Cortez'!$S$5:$S$23),0) -> 0 | K36: =IF(G36>0,"🚨 IMMEDIATE",IF(F36>0,"⚠️ HIGH",IF(E36>0,"📋 MONITOR","✅ STABLE"))) -> 📋 MONITOR
B37: Kristel Angelica Valerio | C37: 11 | D37: =COUNTIF('Kristel Angelica Valerio'!$G$5:$G$15,"*GREEN*") -> 0 | E37: =COUNTIF('Kristel Angelica Valerio'!$G$5:$G$15,"*YELLOW*") -> 11 | F37: =COUNTIF('Kristel Angelica Valerio'!$G$5:$G$15,"*RED*") -> 0 | G37: =COUNTIF('Kristel Angelica Valerio'!$G$5:$G$15,"*BLACK*") -> 0 | H37: =IFERROR((F37+G37)/C37,0) -> 0 | I37: =IFERROR(AVERAGE('Kristel Angelica Valerio'!$S$5:$S$15),0) -> 0 | K37: =IF(G37>0,"🚨 IMMEDIATE",IF(F37>0,"⚠️ HIGH",IF(E37>0,"📋 MONITOR","✅ STABLE"))) -> 📋 MONITOR
B38: Lea Ibag Fernandez | C38: 20 | D38: =COUNTIF('Lea Ibag Fernandez'!$G$5:$G$24,"*GREEN*") -> 0 | E38: =COUNTIF('Lea Ibag Fernandez'!$G$5:$G$24,"*YELLOW*") -> 20 | F38: =COUNTIF('Lea Ibag Fernandez'!$G$5:$G$24,"*RED*") -> 0 | G38: =COUNTIF('Lea Ibag Fernandez'!$G$5:$G$24,"*BLACK*") -> 0 | H38: =IFERROR((F38+G38)/C38,0) -> 0 | I38: =IFERROR(AVERAGE('Lea Ibag Fernandez'!$S$5:$S$24),0) -> 0 | K38: =IF(G38>0,"🚨 IMMEDIATE",IF(F38>0,"⚠️ HIGH",IF(E38>0,"📋 MONITOR","✅ STABLE"))) -> 📋 MONITOR
B39: Leah Bernadette Lavalle Bringas | C39: 16 | D39: =COUNTIF('Leah Bernadette Lavalle Bringas'!$G$5:$G$20,"*GREEN*") -> 0 | E39: =COUNTIF('Leah Bernadette Lavalle Bringas'!$G$5:$G$20,"*YELLOW*") -> 16 | F39: =COUNTIF('Leah Bernadette Lavalle Bringas'!$G$5:$G$20,"*RED*") -> 0 | G39: =COUNTIF('Leah Bernadette Lavalle Bringas'!$G$5:$G$20,"*BLACK*") -> 0 | H39: =IFERROR((F39+G39)/C39,0) -> 0 | I39: =IFERROR(AVERAGE('Leah Bernadette Lavalle Bringas'!$S$5:$S$20),0) -> 0 | K39: =IF(G39>0,"🚨 IMMEDIATE",IF(F39>0,"⚠️ HIGH",IF(E39>0,"📋 MONITOR","✅ STABLE"))) -> 📋 MONITOR
B40: Lee Stephen Valde Fat | C40: 2 | D40: =COUNTIF('Lee Stephen Valde Fat'!$G$5:$G$6,"*GREEN*") -> 0 | E40: =COUNTIF('Lee Stephen Valde Fat'!$G$5:$G$6,"*YELLOW*") -> 2 | F40: =COUNTIF('Lee Stephen Valde Fat'!$G$5:$G$6,"*RED*") -> 0 | G40: =COUNTIF('Lee Stephen Valde Fat'!$G$5:$G$6,"*BLACK*") -> 0 | H40: =IFERROR((F40+G40)/C40,0) -> 0 | I40: =IFERROR(AVERAGE('Lee Stephen Valde Fat'!$S$5:$S$6),0) -> 0 | K40: =IF(G40>0,"🚨 IMMEDIATE",IF(F40>0,"⚠️ HIGH",IF(E40>0,"📋 MONITOR","✅ STABLE"))) -> 📋 MONITOR
B41: Leou Alven Narito Comendador | C41: 3 | D41: =COUNTIF('Leou Alven Narito Comendador'!$G$5:$G$7,"*GREEN*") -> 0 | E41: =COUNTIF('Leou Alven Narito Comendador'!$G$5:$G$7,"*YELLOW*") -> 3 | F41: =COUNTIF('Leou Alven Narito Comendador'!$G$5:$G$7,"*RED*") -> 0 | G41: =COUNTIF('Leou Alven Narito Comendador'!$G$5:$G$7,"*BLACK*") -> 0 | H41: =IFERROR((F41+G41)/C41,0) -> 0 | I41: =IFERROR(AVERAGE('Leou Alven Narito Comendador'!$S$5:$S$7),0) -> 0 | K41: =IF(G41>0,"🚨 IMMEDIATE",IF(F41>0,"⚠️ HIGH",IF(E41>0,"📋 MONITOR","✅ STABLE"))) -> 📋 MONITOR
B42: Lovely Mae Enot Sacurom | C42: 19 | D42: =COUNTIF('Lovely Mae Enot Sacurom'!$G$5:$G$23,"*GREEN*") -> 0 | E42: =COUNTIF('Lovely Mae Enot Sacurom'!$G$5:$G$23,"*YELLOW*") -> 19 | F42: =COUNTIF('Lovely Mae Enot Sacurom'!$G$5:$G$23,"*RED*") -> 0 | G42: =COUNTIF('Lovely Mae Enot Sacurom'!$G$5:$G$23,"*BLACK*") -> 0 | H42: =IFERROR((F42+G42)/C42,0) -> 0 | I42: =IFERROR(AVERAGE('Lovely Mae Enot Sacurom'!$S$5:$S$23),0) -> 0 | K42: =IF(G42>0,"🚨 IMMEDIATE",IF(F42>0,"⚠️ HIGH",IF(E42>0,"📋 MONITOR","✅ STABLE"))) -> 📋 MONITOR
B43: Luis Joel Traverso Rodriguez | C43: 4 | D43: =COUNTIF('Luis Joel Traverso Rodriguez'!$G$5:$G$8,"*GREEN*") -> 0 | E43: =COUNTIF('Luis Joel Traverso Rodriguez'!$G$5:$G$8,"*YELLOW*") -> 4 | F43: =COUNTIF('Luis Joel Traverso Rodriguez'!$G$5:$G$8,"*RED*") -> 0 | G43: =COUNTIF('Luis Joel Traverso Rodriguez'!$G$5:$G$8,"*BLACK*") -> 0 | H43: =IFERROR((F43+G43)/C43,0) -> 0 | I43: =IFERROR(AVERAGE('Luis Joel Traverso Rodriguez'!$S$5:$S$8),0) -> 0 | K43: =IF(G43>0,"🚨 IMMEDIATE",IF(F43>0,"⚠️ HIGH",IF(E43>0,"📋 MONITOR","✅ STABLE"))) -> 📋 MONITOR
B44: Ma Alleah De Torres Santos | C44: 4 | D44: =COUNTIF('Ma Alleah De Torres Santos'!$G$5:$G$8,"*GREEN*") -> 0 | E44: =COUNTIF('Ma Alleah De Torres Santos'!$G$5:$G$8,"*YELLOW*") -> 4 | F44: =COUNTIF('Ma Alleah De Torres Santos'!$G$5:$G$8,"*RED*") -> 0 | G44: =COUNTIF('Ma Alleah De Torres Santos'!$G$5:$G$8,"*BLACK*") -> 0 | H44: =IFERROR((F44+G44)/C44,0) -> 0 | I44: =IFERROR(AVERAGE('Ma Alleah De Torres Santos'!$S$5:$S$8),0) -> 0 | K44: =IF(G44>0,"🚨 IMMEDIATE",IF(F44>0,"⚠️ HIGH",IF(E44>0,"📋 MONITOR","✅ STABLE"))) -> 📋 MONITOR
B45: Maria Theresa Oliva Valenciano Ramos | C45: 3 | D45: =COUNTIF('Maria Theresa Oliva Valenciano'!$G$5:$G$7,"*GREEN*") -> 0 | E45: =COUNTIF('Maria Theresa Oliva Valenciano'!$G$5:$G$7,"*YELLOW*") -> 3 | F45: =COUNTIF('Maria Theresa Oliva Valenciano'!$G$5:$G$7,"*RED*") -> 0 | G45: =COUNTIF('Maria Theresa Oliva Valenciano'!$G$5:$G$7,"*BLACK*") -> 0 | H45: =IFERROR((F45+G45)/C45,0) -> 0 | I45: =IFERROR(AVERAGE('Maria Theresa Oliva Valenciano'!$S$5:$S$7),0) -> 0 | K45: =IF(G45>0,"🚨 IMMEDIATE",IF(F45>0,"⚠️ HIGH",IF(E45>0,"📋 MONITOR","✅ STABLE"))) -> 📋 MONITOR
B46: Mistica Dela Cruz | C46: 18 | D46: =COUNTIF('Mistica Dela Cruz'!$G$5:$G$22,"*GREEN*") -> 0 | E46: =COUNTIF('Mistica Dela Cruz'!$G$5:$G$22,"*YELLOW*") -> 18 | F46: =COUNTIF('Mistica Dela Cruz'!$G$5:$G$22,"*RED*") -> 0 | G46: =COUNTIF('Mistica Dela Cruz'!$G$5:$G$22,"*BLACK*") -> 0 | H46: =IFERROR((F46+G46)/C46,0) -> 0 | I46: =IFERROR(AVERAGE('Mistica Dela Cruz'!$S$5:$S$22),0) -> 0 | K46: =IF(G46>0,"🚨 IMMEDIATE",IF(F46>0,"⚠️ HIGH",IF(E46>0,"📋 MONITOR","✅ STABLE"))) -> 📋 MONITOR
B47: Osmari Rodriguez | C47: 13 | D47: =COUNTIF('Osmari Rodriguez'!$G$5:$G$17,"*GREEN*") -> 0 | E47: =COUNTIF('Osmari Rodriguez'!$G$5:$G$17,"*YELLOW*") -> 13 | F47: =COUNTIF('Osmari Rodriguez'!$G$5:$G$17,"*RED*") -> 0 | G47: =COUNTIF('Osmari Rodriguez'!$G$5:$G$17,"*BLACK*") -> 0 | H47: =IFERROR((F47+G47)/C47,0) -> 0 | I47: =IFERROR(AVERAGE('Osmari Rodriguez'!$S$5:$S$17),0) -> 0 | K47: =IF(G47>0,"🚨 IMMEDIATE",IF(F47>0,"⚠️ HIGH",IF(E47>0,"📋 MONITOR","✅ STABLE"))) -> 📋 MONITOR
B48: Paolo Cabantog Dacanay
B49: Rinagine Landiza Paurillo | C49: 18 | D49: =COUNTIF('Rinagine Landiza Paurillo'!$G$5:$G$22,"*GREEN*") -> 0 | E49: =COUNTIF('Rinagine Landiza Paurillo'!$G$5:$G$22,"*YELLOW*") -> 18 | F49: =COUNTIF('Rinagine Landiza Paurillo'!$G$5:$G$22,"*RED*") -> 0 | G49: =COUNTIF('Rinagine Landiza Paurillo'!$G$5:$G$22,"*BLACK*") -> 0 | H49: =IFERROR((F49+G49)/C49,0) -> 0 | I49: =IFERROR(AVERAGE('Rinagine Landiza Paurillo'!$S$5:$S$22),0) -> 0 | K49: =IF(G49>0,"🚨 IMMEDIATE",IF(F49>0,"⚠️ HIGH",IF(E49>0,"📋 MONITOR","✅ STABLE"))) -> 📋 MONITOR
B50: Robert Castillo Santos | C50: 15 | D50: =COUNTIF('Robert Castillo Santos'!$G$5:$G$19,"*GREEN*") -> 0 | E50: =COUNTIF('Robert Castillo Santos'!$G$5:$G$19,"*YELLOW*") -> 15 | F50: =COUNTIF('Robert Castillo Santos'!$G$5:$G$19,"*RED*") -> 0 | G50: =COUNTIF('Robert Castillo Santos'!$G$5:$G$19,"*BLACK*") -> 0 | H50: =IFERROR((F50+G50)/C50,0) -> 0 | I50: =IFERROR(AVERAGE('Robert Castillo Santos'!$S$5:$S$19),0) -> 0 | K50: =IF(G50>0,"🚨 IMMEDIATE",IF(F50>0,"⚠️ HIGH",IF(E50>0,"📋 MONITOR","✅ STABLE"))) -> 📋 MONITOR
B51: Rosauro Gabo Misayah | C51: 4 | D51: =COUNTIF('Rosauro Gabo Misayah'!$G$5:$G$8,"*GREEN*") -> 0 | E51: =COUNTIF('Rosauro Gabo Misayah'!$G$5:$G$8,"*YELLOW*") -> 4 | F51: =COUNTIF('Rosauro Gabo Misayah'!$G$5:$G$8,"*RED*") -> 0 | G51: =COUNTIF('Rosauro Gabo Misayah'!$G$5:$G$8,"*BLACK*") -> 0 | H51: =IFERROR((F51+G51)/C51,0) -> 0 | I51: =IFERROR(AVERAGE('Rosauro Gabo Misayah'!$S$5:$S$8),0) -> 0 | K51: =IF(G51>0,"🚨 IMMEDIATE",IF(F51>0,"⚠️ HIGH",IF(E51>0,"📋 MONITOR","✅ STABLE"))) -> 📋 MONITOR
B52: Sheena Estorba Lucresia | C52: 19 | D52: =COUNTIF('Sheena Estorba Lucresia'!$G$5:$G$23,"*GREEN*") -> 0 | E52: =COUNTIF('Sheena Estorba Lucresia'!$G$5:$G$23,"*YELLOW*") -> 19 | F52: =COUNTIF('Sheena Estorba Lucresia'!$G$5:$G$23,"*RED*") -> 0 | G52: =COUNTIF('Sheena Estorba Lucresia'!$G$5:$G$23,"*BLACK*") -> 0 | H52: =IFERROR((F52+G52)/C52,0) -> 0 | I52: =IFERROR(AVERAGE('Sheena Estorba Lucresia'!$S$5:$S$23),0) -> 0 | K52: =IF(G52>0,"🚨 IMMEDIATE",IF(F52>0,"⚠️ HIGH",IF(E52>0,"📋 MONITOR","✅ STABLE"))) -> 📋 MONITOR
B53: Victor Jr Cabriles Fuentenegra | C53: 19 | D53: =COUNTIF('Victor Jr Cabriles Fuentenegra'!$G$5:$G$23,"*GREEN*") -> 0 | E53: =COUNTIF('Victor Jr Cabriles Fuentenegra'!$G$5:$G$23,"*YELLOW*") -> 19 | F53: =COUNTIF('Victor Jr Cabriles Fuentenegra'!$G$5:$G$23,"*RED*") -> 0 | G53: =COUNTIF('Victor Jr Cabriles Fuentenegra'!$G$5:$G$23,"*BLACK*") -> 0 | H53: =IFERROR((F53+G53)/C53,0) -> 0 | I53: =IFERROR(AVERAGE('Victor Jr Cabriles Fuentenegra'!$S$5:$S$23),0) -> 0 | K53: =IF(G53>0,"🚨 IMMEDIATE",IF(F53>0,"⚠️ HIGH",IF(E53>0,"📋 MONITOR","✅ STABLE"))) -> 📋 MONITOR
B54: TOTAL / AVERAGE | C54: =SUM(C7:C53) -> 566 | D54: =SUM(D7:D53) -> 0 | E54: =SUM(E7:E53) -> 589 | F54: =SUM(F7:F53) -> 0 | G54: =SUM(G7:G53) -> 0 | H54: =IFERROR((SUM(F7:F53)+SUM(G7:G53))/SUM(C7:C53),0) -> 0 | I54: =IFERROR(AVERAGE(I7:I53),0) -> 0
B56: TOTAL HEADCOUNT | E56: 🟢 STABLE | G56: 🟡 MONITORING | I56: 🔴 HIGH RISK | K56: ⚫ CONFIRMED ATTRITION
B57: =C54 -> 566 | E57: =D54 -> 0 | G57: =E54 -> 589 | I57: =F54 -> 0 | K57: =G54 -> 0
B59: 💡 NAVIGATION: Use the sheet tabs below to switch between teams. Update Risk Status in each team tab — this Dashboard updates automatically via formulas. Employees marked ⚫ BLACK should be copied to the '⚫ Confirmed Attrition' sheet.
B62: 📊 HEADCOUNT MOVEMENT TRACKER — OGA OPERATIONS
B64: Overall | C64: Jan'26 | D64: Feb'26 | E64: Mar'26 | F64: Apr'26 | G64: May'26 | H64: Jun'26 | I64: Jul'26 | J64: Aug'26 | K64: Sep'26 | L64: Oct'26 | M64: Nov'26 | N64: Dec'26
B65: Opening HC | C65: 640 | D65: 629 | E65: 602 | F65: 550 | G65: 0 | H65: 0 | I65: 0 | J65: 0 | K65: 0 | L65: 0 | M65: 0 | N65: 0
B66: New Hires | C66: 0 | D66: 0 | E66: 0 | F66: 0 | G66: 0 | H66: 0 | I66: 0 | J66: 0 | K66: 0 | L66: 0 | M66: 0 | N66: 0
B67: Transfer In | C67: 0 | D67: 0 | E67: 0 | F67: 1 | G67: 0 | H67: 0 | I67: 0 | J67: 0 | K67: 0 | L67: 0 | M67: 0 | N67: 0
B68: Transfer Out | C68: 0 | D68: 0 | E68: 6 | F68: 5 | G68: 0 | H68: 0 | I68: 0 | J68: 0 | K68: 0 | L68: 0 | M68: 0 | N68: 0
B69: Actual Attrition | C69: =SUMPRODUCT((MONTH('⚫ Confirmed Attrition'!$G$5:$G$1000)=1)*(YEAR('⚫ Confirmed Attrition'!$G$5:$G$1000)=2026)*('⚫ Confirmed Attrition'!$D$5:$D$1000<>"")) -> 0 | D69: =SUMPRODUCT((MONTH('⚫ Confirmed Attrition'!$G$5:$G$1000)=2)*(YEAR('⚫ Confirmed Attrition'!$G$5:$G$1000)=2026)*('⚫ Confirmed Attrition'!$D$5:$D$1000<>"")) -> 0 | E69: =SUMPRODUCT((MONTH('⚫ Confirmed Attrition'!$G$5:$G$1000)=3)*(YEAR('⚫ Confirmed Attrition'!$G$5:$G$1000)=2026)*('⚫ Confirmed Attrition'!$D$5:$D$1000<>"")) -> 0 | F69: =SUMPRODUCT((MONTH('⚫ Confirmed Attrition'!$G$5:$G$1000)=4)*(YEAR('⚫ Confirmed Attrition'!$G$5:$G$1000)=2026)*('⚫ Confirmed Attrition'!$D$5:$D$1000<>"")) -> 0 | G69: =SUMPRODUCT((MONTH('⚫ Confirmed Attrition'!$G$5:$G$1000)=5)*(YEAR('⚫ Confirmed Attrition'!$G$5:$G$1000)=2026)*('⚫ Confirmed Attrition'!$D$5:$D$1000<>"")) -> 0 | H69: =SUMPRODUCT((MONTH('⚫ Confirmed Attrition'!$G$5:$G$1000)=6)*(YEAR('⚫ Confirmed Attrition'!$G$5:$G$1000)=2026)*('⚫ Confirmed Attrition'!$D$5:$D$1000<>"")) -> 0 | I69: =SUMPRODUCT((MONTH('⚫ Confirmed Attrition'!$G$5:$G$1000)=7)*(YEAR('⚫ Confirmed Attrition'!$G$5:$G$1000)=2026)*('⚫ Confirmed Attrition'!$D$5:$D$1000<>"")) -> 0 | J69: =SUMPRODUCT((MONTH('⚫ Confirmed Attrition'!$G$5:$G$1000)=8)*(YEAR('⚫ Confirmed Attrition'!$G$5:$G$1000)=2026)*('⚫ Confirmed Attrition'!$D$5:$D$1000<>"")) -> 0 | K69: =SUMPRODUCT((MONTH('⚫ Confirmed Attrition'!$G$5:$G$1000)=9)*(YEAR('⚫ Confirmed Attrition'!$G$5:$G$1000)=2026)*('⚫ Confirmed Attrition'!$D$5:$D$1000<>"")) -> 0 | L69: =SUMPRODUCT((MONTH('⚫ Confirmed Attrition'!$G$5:$G$1000)=10)*(YEAR('⚫ Confirmed Attrition'!$G$5:$G$1000)=2026)*('⚫ Confirmed Attrition'!$D$5:$D$1000<>"")) -> 0 | M69: =SUMPRODUCT((MONTH('⚫ Confirmed Attrition'!$G$5:$G$1000)=11)*(YEAR('⚫ Confirmed Attrition'!$G$5:$G$1000)=2026)*('⚫ Confirmed Attrition'!$D$5:$D$1000<>"")) -> 0 | N69: =SUMPRODUCT((MONTH('⚫ Confirmed Attrition'!$G$5:$G$1000)=12)*(YEAR('⚫ Confirmed Attrition'!$G$5:$G$1000)=2026)*('⚫ Confirmed Attrition'!$D$5:$D$1000<>"")) -> 0
B70: Voluntary Attrition | C70: 15 | D70: 16 | E70: 6 | F70: 3 | G70: 0 | H70: 0 | I70: 0 | J70: 0 | K70: 0 | L70: 0 | M70: 0 | N70: 0
B71: Involuntary Attrition | C71: 6 | D71: 15 | E71: 38 | F71: 1 | G71: 0 | H71: 0 | I71: 0 | J71: 0 | K71: 0 | L71: 0 | M71: 0 | N71: 0
B72: Projected Attrition | C72: 0 | D72: 0 | E72: 2 | F72: 1 | G72: 0 | H72: 0 | I72: 0 | J72: 0 | K72: 0 | L72: 0 | M72: 0 | N72: 0
B73: Closing HC | C73: 619 | D73: 598 | E73: 556 | F73: 545 | G73: 0 | H73: 0 | I73: 0 | J73: 0 | K73: 0 | L73: 0 | M73: 0 | N73: 0
B76: 📊 HEADCOUNT MOVEMENT TRACKER — ABIGAEL SINGCOL MANALAYSAY
B78: Abigael Singcol Manalaysay
B79: Opening HC | C79: 25 | D79: 0 | E79: 0 | F79: 0 | G79: 0 | H79: 0 | I79: 0 | J79: 0 | K79: 0 | L79: 0 | M79: 0 | N79: 0
B80: New Hires | C80: 0 | D80: 0 | E80: 0 | F80: 0 | G80: 0 | H80: 0 | I80: 0 | J80: 0 | K80: 0 | L80: 0 | M80: 0 | N80: 0
B81: Transfer In | C81: 0 | D81: 0 | E81: 0 | F81: 0 | G81: 0 | H81: 0 | I81: 0 | J81: 0 | K81: 0 | L81: 0 | M81: 0 | N81: 0
B82: Transfer Out | C82: 0 | D82: 0 | E82: 0 | F82: 0 | G82: 0 | H82: 0 | I82: 0 | J82: 0 | K82: 0 | L82: 0 | M82: 0 | N82: 0
B83: Actual Attrition | C83: =SUMPRODUCT((MONTH('⚫ Confirmed Attrition'!$G$5:$G$1000)=1)*(YEAR('⚫ Confirmed Attrition'!$G$5:$G$1000)=2026)*('⚫ Confirmed Attrition'!$D$5:$D$1000="Abigael Singcol Manalaysay")) -> 0 | D83: =SUMPRODUCT((MONTH('⚫ Confirmed Attrition'!$G$5:$G$1000)=2)*(YEAR('⚫ Confirmed Attrition'!$G$5:$G$1000)=2026)*('⚫ Confirmed Attrition'!$D$5:$D$1000="Abigael Singcol Manalaysay")) -> 0 | E83: =SUMPRODUCT((MONTH('⚫ Confirmed Attrition'!$G$5:$G$1000)=3)*(YEAR('⚫ Confirmed Attrition'!$G$5:$G$1000)=2026)*('⚫ Confirmed Attrition'!$D$5:$D$1000="Abigael Singcol Manalaysay")) -> 0 | F83: =SUMPRODUCT((MONTH('⚫ Confirmed Attrition'!$G$5:$G$1000)=4)*(YEAR('⚫ Confirmed Attrition'!$G$5:$G$1000)=2026)*('⚫ Confirmed Attrition'!$D$5:$D$1000="Abigael Singcol Manalaysay")) -> 0 | G83: =SUMPRODUCT((MONTH('⚫ Confirmed Attrition'!$G$5:$G$1000)=5)*(YEAR('⚫ Confirmed Attrition'!$G$5:$G$1000)=2026)*('⚫ Confirmed Attrition'!$D$5:$D$1000="Abigael Singcol Manalaysay")) -> 0 | H83: =SUMPRODUCT((MONTH('⚫ Confirmed Attrition'!$G$5:$G$1000)=6)*(YEAR('⚫ Confirmed Attrition'!$G$5:$G$1000)=2026)*('⚫ Confirmed Attrition'!$D$5:$D$1000="Abigael Singcol Manalaysay")) -> 0 | I83: =SUMPRODUCT((MONTH('⚫ Confirmed Attrition'!$G$5:$G$1000)=7)*(YEAR('⚫ Confirmed Attrition'!$G$5:$G$1000)=2026)*('⚫ Confirmed Attrition'!$D$5:$D$1000="Abigael Singcol Manalaysay")) -> 0 | J83: =SUMPRODUCT((MONTH('⚫ Confirmed Attrition'!$G$5:$G$1000)=8)*(YEAR('⚫ Confirmed Attrition'!$G$5:$G$1000)=2026)*('⚫ Confirmed Attrition'!$D$5:$D$1000="Abigael Singcol Manalaysay")) -> 0 | K83: =SUMPRODUCT((MONTH('⚫ Confirmed Attrition'!$G$5:$G$1000)=9)*(YEAR('⚫ Confirmed Attrition'!$G$5:$G$1000)=2026)*('⚫ Confirmed Attrition'!$D$5:$D$1000="Abigael Singcol Manalaysay")) -> 0 | L83: =SUMPRODUCT((MONTH('⚫ Confirmed Attrition'!$G$5:$G$1000)=10)*(YEAR('⚫ Confirmed Attrition'!$G$5:$G$1000)=2026)*('⚫ Confirmed Attrition'!$D$5:$D$1000="Abigael Singcol Manalaysay")) -> 0 | M83: =SUMPRODUCT((MONTH('⚫ Confirmed Attrition'!$G$5:$G$1000)=11)*(YEAR('⚫ Confirmed Attrition'!$G$5:$G$1000)=2026)*('⚫ Confirmed Attrition'!$D$5:$D$1000="Abigael Singcol Manalaysay")) -> 0 | N83: =SUMPRODUCT((MONTH('⚫ Confirmed Attrition'!$G$5:$G$1000)=12)*(YEAR('⚫ Confirmed Attrition'!$G$5:$G$1000)=2026)*('⚫ Confirmed Attrition'!$D$5:$D$1000="Abigael Singcol Manalaysay")) -> 0
B84: Voluntary Attrition | C84: 0 | D84: 0 | E84: 0 | F84: 0 | G84: 0 | H84: 0 | I84: 0 | J84: 0 | K84: 0 | L84: 0 | M84: 0 | N84: 0
B85: Involuntary Attrition | C85: 0 | D85: 0 | E85: 0 | F85: 0 | G85: 0 | H85: 0 | I85: 0 | J85: 0 | K85: 0 | L85: 0 | M85: 0 | N85: 0
B86: Projected Attrition | C86: 0 | D86: 0 | E86: 0 | F86: 0 | G86: 0 | H86: 0 | I86: 0 | J86: 0 | K86: 0 | L86: 0 | M86: 0 | N86: 0
B87: Closing HC | C87: 25 | D87: 0 | E87: 0 | F87: 0 | G87: 0 | H87: 0 | I87: 0 | J87: 0 | K87: 0 | L87: 0 | M87: 0 | N87: 0
B90: 📊 HEADCOUNT MOVEMENT TRACKER — AIDA MARIE RODRIGUEZ
B92: Aida Marie Rodriguez | C92: Jan'26 | D92: Feb'26 | E92: Mar'26 | F92: Apr'26 | G92: May'26 | H92: Jun'26 | I92: Jul'26 | J92: Aug'26 | K92: Sep'26 | L92: Oct'26 | M92: Nov'26 | N92: Dec'26
B93: Opening HC | C93: 10 | D93: 0 | E93: 0 | F93: 0 | G93: 0 | H93: 0 | I93: 0 | J93: 0 | K93: 0 | L93: 0 | M93: 0 | N93: 0
B94: New Hires | C94: 0 | D94: 0 | E94: 0 | F94: 0 | G94: 0 | H94: 0 | I94: 0 | J94: 0 | K94: 0 | L94: 0 | M94: 0 | N94: 0
B95: Transfer In | C95: 0 | D95: 0 | E95: 0 | F95: 0 | G95: 0 | H95: 0 | I95: 0 | J95: 0 | K95: 0 | L95: 0 | M95: 0 | N95: 0
B96: Transfer Out | C96: 0 | D96: 0 | E96: 0 | F96: 0 | G96: 0 | H96: 0 | I96: 0 | J96: 0 | K96: 0 | L96: 0 | M96: 0 | N96: 0
B97: Actual Attrition | C97: =SUMPRODUCT((MONTH('⚫ Confirmed Attrition'!$G$5:$G$1000)=1)*(YEAR('⚫ Confirmed Attrition'!$G$5:$G$1000)=2026)*('⚫ Confirmed Attrition'!$D$5:$D$1000="Aida Marie Rodriguez")) -> 0 | D97: =SUMPRODUCT((MONTH('⚫ Confirmed Attrition'!$G$5:$G$1000)=2)*(YEAR('⚫ Confirmed Attrition'!$G$5:$G$1000)=2026)*('⚫ Confirmed Attrition'!$D$5:$D$1000="Aida Marie Rodriguez")) -> 0 | E97: =SUMPRODUCT((MONTH('⚫ Confirmed Attrition'!$G$5:$G$1000)=3)*(YEAR('⚫ Confirmed Attrition'!$G$5:$G$1000)=2026)*('⚫ Confirmed Attrition'!$D$5:$D$1000="Aida Marie Rodriguez")) -> 0 | F97: =SUMPRODUCT((MONTH('⚫ Confirmed Attrition'!$G$5:$G$1000)=4)*(YEAR('⚫ Confirmed Attrition'!$G$5:$G$1000)=2026)*('⚫ Confirmed Attrition'!$D$5:$D$1000="Aida Marie Rodriguez")) -> 0 | G97: =SUMPRODUCT((MONTH('⚫ Confirmed Attrition'!$G$5:$G$1000)=5)*(YEAR('⚫ Confirmed Attrition'!$G$5:$G$1000)=2026)*('⚫ Confirmed Attrition'!$D$5:$D$1000="Aida Marie Rodriguez")) -> 0 | H97: =SUMPRODUCT((MONTH('⚫ Confirmed Attrition'!$G$5:$G$1000)=6)*(YEAR('⚫ Confirmed Attrition'!$G$5:$G$1000)=2026)*('⚫ Confirmed Attrition'!$D$5:$D$1000="Aida Marie Rodriguez")) -> 0 | I97: =SUMPRODUCT((MONTH('⚫ Confirmed Attrition'!$G$5:$G$1000)=7)*(YEAR('⚫ Confirmed Attrition'!$G$5:$G$1000)=2026)*('⚫ Confirmed Attrition'!$D$5:$D$1000="Aida Marie Rodriguez")) -> 0 | J97: =SUMPRODUCT((MONTH('⚫ Confirmed Attrition'!$G$5:$G$1000)=8)*(YEAR('⚫ Confirmed Attrition'!$G$5:$G$1000)=2026)*('⚫ Confirmed Attrition'!$D$5:$D$1000="Aida Marie Rodriguez")) -> 0 | K97: =SUMPRODUCT((MONTH('⚫ Confirmed Attrition'!$G$5:$G$1000)=9)*(YEAR('⚫ Confirmed Attrition'!$G$5:$G$1000)=2026)*('⚫ Confirmed Attrition'!$D$5:$D$1000="Aida Marie Rodriguez")) -> 0 | L97: =SUMPRODUCT((MONTH('⚫ Confirmed Attrition'!$G$5:$G$1000)=10)*(YEAR('⚫ Confirmed Attrition'!$G$5:$G$1000)=2026)*('⚫ Confirmed Attrition'!$D$5:$D$1000="Aida Marie Rodriguez")) -> 0 | M97: =SUMPRODUCT((MONTH('⚫ Confirmed Attrition'!$G$5:$G$1000)=11)*(YEAR('⚫ Confirmed Attrition'!$G$5:$G$1000)=2026)*('⚫ Confirmed Attrition'!$D$5:$D$1000="Aida Marie Rodriguez")) -> 0 | N97: =SUMPRODUCT((MONTH('⚫ Confirmed Attrition'!$G$5:$G$1000)=12)*(YEAR('⚫ Confirmed Attrition'!$G$5:$G$1000)=2026)*('⚫ Confirmed Attrition'!$D$5:$D$1000="Aida Marie Rodriguez")) -> 0
B98: Voluntary Attrition | C98: 0 | D98: 0 | E98: 0 | F98: 0 | G98: 0 | H98: 0 | I98: 0 | J98: 0 | K98: 0 | L98: 0 | M98: 0 | N98: 0
B99: Involuntary Attrition | C99: 0 | D99: 0 | E99: 0 | F99: 0 | G99: 0 | H99: 0 | I99: 0 | J99: 0 | K99: 0 | L99: 0 | M99: 0 | N99: 0
B100: Projected Attrition | C100: 0 | D100: 0 | E100: 0 | F100: 0 | G100: 0 | H100: 0 | I100: 0 | J100: 0 | K100: 0 | L100: 0 | M100: 0 | N100: 0
B101: Closing HC | C101: 10 | D101: 0 | E101: 0 | F101: 0 | G101: 0 | H101: 0 | I101: 0 | J101: 0 | K101: 0 | L101: 0 | M101: 0 | N101: 0
B104: 📊 HEADCOUNT MOVEMENT TRACKER — AILENE LOGRONIO LAURE
B106: Ailene Logronio Laure | C106: Jan'26 | D106: Feb'26 | E106: Mar'26 | F106: Apr'26 | G106: May'26 | H106: Jun'26 | I106: Jul'26 | J106: Aug'26 | K106: Sep'26 | L106: Oct'26 | M106: Nov'26 | N106: Dec'26
B107: Opening HC | C107: 18 | D107: 0 | E107: 0 | F107: 0 | G107: 0 | H107: 0 | I107: 0 | J107: 0 | K107: 0 | L107: 0 | M107: 0 | N107: 0
B108: New Hires | C108: 0 | D108: 0 | E108: 0 | F108: 0 | G108: 0 | H108: 0 | I108: 0 | J108: 0 | K108: 0 | L108: 0 | M108: 0 | N108: 0
B109: Transfer In | C109: 0 | D109: 0 | E109: 0 | F109: 0 | G109: 0 | H109: 0 | I109: 0 | J109: 0 | K109: 0 | L109: 0 | M109: 0 | N109: 0
B110: Transfer Out | C110: 0 | D110: 0 | E110: 0 | F110: 0 | G110: 0 | H110: 0 | I110: 0 | J110: 0 | K110: 0 | L110: 0 | M110: 0 | N110: 0
B111: Actual Attrition | C111: =SUMPRODUCT((MONTH('⚫ Confirmed Attrition'!$G$5:$G$1000)=1)*(YEAR('⚫ Confirmed Attrition'!$G$5:$G$1000)=2026)*('⚫ Confirmed Attrition'!$D$5:$D$1000="Ailene Logronio Laure")) -> 0 | D111: =SUMPRODUCT((MONTH('⚫ Confirmed Attrition'!$G$5:$G$1000)=2)*(YEAR('⚫ Confirmed Attrition'!$G$5:$G$1000)=2026)*('⚫ Confirmed Attrition'!$D$5:$D$1000="Ailene Logronio Laure")) -> 0 | E111: =SUMPRODUCT((MONTH('⚫ Confirmed Attrition'!$G$5:$G$1000)=3)*(YEAR('⚫ Confirmed Attrition'!$G$5:$G$1000)=2026)*('⚫ Confirmed Attrition'!$D$5:$D$1000="Ailene Logronio Laure")) -> 0 | F111: =SUMPRODUCT((MONTH('⚫ Confirmed Attrition'!$G$5:$G$1000)=4)*(YEAR('⚫ Confirmed Attrition'!$G$5:$G$1000)=2026)*('⚫ Confirmed Attrition'!$D$5:$D$1000="Ailene Logronio Laure")) -> 0 | G111: =SUMPRODUCT((MONTH('⚫ Confirmed Attrition'!$G$5:$G$1000)=5)*(YEAR('⚫ Confirmed Attrition'!$G$5:$G$1000)=2026)*('⚫ Confirmed Attrition'!$D$5:$D$1000="Ailene Logronio Laure")) -> 0 | H111: =SUMPRODUCT((MONTH('⚫ Confirmed Attrition'!$G$5:$G$1000)=6)*(YEAR('⚫ Confirmed Attrition'!$G$5:$G$1000)=2026)*('⚫ Confirmed Attrition'!$D$5:$D$1000="Ailene Logronio Laure")) -> 0 | I111: =SUMPRODUCT((MONTH('⚫ Confirmed Attrition'!$G$5:$G$1000)=7)*(YEAR('⚫ Confirmed Attrition'!$G$5:$G$1000)=2026)*('⚫ Confirmed Attrition'!$D$5:$D$1000="Ailene Logronio Laure")) -> 0 | J111: =SUMPRODUCT((MONTH('⚫ Confirmed Attrition'!$G$5:$G$1000)=8)*(YEAR('⚫ Confirmed Attrition'!$G$5:$G$1000)=2026)*('⚫ Confirmed Attrition'!$D$5:$D$1000="Ailene Logronio Laure")) -> 0 | K111: =SUMPRODUCT((MONTH('⚫ Confirmed Attrition'!$G$5:$G$1000)=9)*(YEAR('⚫ Confirmed Attrition'!$G$5:$G$1000)=2026)*('⚫ Confirmed Attrition'!$D$5:$D$1000="Ailene Logronio Laure")) -> 0 | L111: =SUMPRODUCT((MONTH('⚫ Confirmed Attrition'!$G$5:$G$1000)=10)*(YEAR('⚫ Confirmed Attrition'!$G$5:$G$1000)=2026)*('⚫ Confirmed Attrition'!$D$5:$D$1000="Ailene Logronio Laure")) -> 0 | M111: =SUMPRODUCT((MONTH('⚫ Confirmed Attrition'!$G$5:$G$1000)=11)*(YEAR('⚫ Confirmed Attrition'!$G$5:$G$1000)=2026)*('⚫ Confirmed Attrition'!$D$5:$D$1000="Ailene Logronio Laure")) -> 0 | N111: =SUMPRODUCT((MONTH('⚫ Confirmed Attrition'!$G$5:$G$1000)=12)*(YEAR('⚫ Confirmed Attrition'!$G$5:$G$1000)=2026)*('⚫ Confirmed Attrition'!$D$5:$D$1000="Ailene Logronio Laure")) -> 0
B112: Voluntary Attrition | C112: 0 | D112: 0 | E112: 0 | F112: 0 | G112: 0 | H112: 0 | I112: 0 | J112: 0 | K112: 0 | L112: 0 | M112: 0 | N112: 0
B113: Involuntary Attrition | C113: 0 | D113: 0 | E113: 0 | F113: 0 | G113: 0 | H113: 0 | I113: 0 | J113: 0 | K113: 0 | L113: 0 | M113: 0 | N113: 0
B114: Projected Attrition | C114: 0 | D114: 0 | E114: 0 | F114: 0 | G114: 0 | H114: 0 | I114: 0 | J114: 0 | K114: 0 | L114: 0 | M114: 0 | N114: 0
B115: Closing HC | C115: 18 | D115: 0 | E115: 0 | F115: 0 | G115: 0 | H115: 0 | I115: 0 | J115: 0 | K115: 0 | L115: 0 | M115: 0 | N115: 0
B118: 📊 HEADCOUNT MOVEMENT TRACKER — ALANIE SANCHEZ LAPUZ
B120: Alanie Sanchez Lapuz | C120: Jan'26 | D120: Feb'26 | E120: Mar'26 | F120: Apr'26 | G120: May'26 | H120: Jun'26 | I120: Jul'26 | J120: Aug'26 | K120: Sep'26 | L120: Oct'26 | M120: Nov'26 | N120: Dec'26
...

Sheet Team Leou
B2: 🔍 EARLY WARNING SIGNS TRACKER — TEAM LEOU
B4: # | C4: Employee Name | D4: Position | E4: Date Hired | F4: Risk Status | G4: Frequent Tardiness | H4: Increased Absences | I4: Low Productivity | J4: Disengagement in Team Huddles | K4: Job Hunting Signals | L4: Conflicts with Teammates | M4: Decline in QA/NPS Scores | N4: Reduced Initiative | O4: Requesting LOA/Personal Leaves | P4: Withdrawal from Social Activities | Q4: With Active CAP? | R4: Risk Score | S4: Rating for the past 3 months | T4: TL Notes | U4: Last Updated
B5: 1 | C5: Xena Garcia | D5: QA Analyst | E5: 03/01/2020 | F5: ⚫ BLACK | G5: YES | H5: YES | I5: YES | J5: YES | K5: YES | L5: NO | M5: NO | N5: YES | O5: NO | P5: NO | Q5: YES | R5: =COUNTIF(G5:Q5,"YES") -> 7
B6: 2 | C6: Jose Concepcion | D6: Subject Matter Expert | E6: 09/01/2022 | F6: 🔴 RED | G6: NO | H6: YES | I6: YES | J6: NO | K6: NO | L6: NO | M6: YES | N6: NO | O6: NO | P6: YES | Q6: YES | R6: =COUNTIF(G6:Q6,"YES") -> 5
B7: 3 | C7: Ivy Dela Cruz | D7: Trainer | E7: 12/01/2019 | F7: 🔴 RED | G7: NO | H7: YES | I7: NO | J7: YES | K7: NO | L7: NO | M7: NO | N7: YES | O7: YES | P7: NO | Q7: YES | R7: =COUNTIF(G7:Q7,"YES") -> 5
B8: 4 | C8: Trisha Ramos | D8: Senior Specialist | E8: 09/01/2023 | F8: 🟢 GREEN | G8: NO | H8: NO | I8: NO | J8: YES | K8: YES | L8: NO | M8: NO | N8: YES | O8: YES | P8: YES | Q8: YES | R8: =COUNTIF(G8:Q8,"YES") -> 6
B9: 5 | C9: Ems Garcia | D9: Subject Matter Expert | E9: 02/01/2019 | F9: ⚫ BLACK | G9: YES | H9: NO | I9: YES | J9: YES | K9: NO | L9: NO | M9: YES | N9: NO | O9: NO | P9: NO | Q9: YES | R9: =COUNTIF(G9:Q9,"YES") -> 5
B10: 6 | C10: Alma Concepcion | D10: Trainer | E10: 09/01/2020 | F10: 🟡 YELLOW | G10: NO | H10: NO | I10: NO | J10: NO | K10: NO | L10: NO | M10: YES | N10: YES | O10: YES | P10: YES | Q10: YES | R10: =COUNTIF(G10:Q10,"YES") -> 5
B11: 7 | C11: Ric Cruz | D11: QA Analyst | E11: 10/01/2019 | F11: ⚫ BLACK | G11: NO | H11: YES | I11: YES | J11: YES | K11: YES | L11: YES | M11: YES | N11: YES | O11: NO | P11: YES | Q11: YES | R11: =COUNTIF(G11:Q11,"YES") -> 9
B12: 8 | C12: Uma Mendoza | D12: Subject Matter Expert | E12: 05/01/2020 | F12: ⚫ BLACK | G12: YES | H12: NO | I12: YES | J12: NO | K12: NO | L12: NO | M12: YES | N12: NO | O12: NO | P12: YES | Q12: YES | R12: =COUNTIF(G12:Q12,"YES") -> 5
B13: 9 | C13: Ana Santos | D13: PA Specialist | E13: 11/01/2019 | F13: ⚫ BLACK | G13: NO | H13: NO | I13: NO | J13: NO | K13: YES | L13: YES | M13: YES | N13: NO | O13: NO | P13: YES | Q13: YES | R13: =COUNTIF(G13:Q13,"YES") -> 5
B14: 10 | C14: Carlo Flores | D14: Senior Specialist | E14: 04/01/2020 | F14: ⚫ BLACK | G14: YES | H14: NO | I14: YES | J14: NO | K14: NO | L14: YES | M14: YES | N14: NO | O14: NO | P14: YES | Q14: YES | R14: =COUNTIF(G14:Q14,"YES") -> 6
B15: 11 | C15: Trisha Rivera | D15: PA Specialist | E15: 01/01/2023 | F15: 🟢 GREEN | G15: YES | H15: YES | I15: NO | J15: NO | K15: NO | L15: YES | M15: NO | N15: YES | O15: YES | P15: NO | Q15: YES | R15: =COUNTIF(G15:Q15,"YES") -> 6
B16: 12 | C16: Val Santos | D16: PA Specialist | E16: 05/01/2022 | F16: ⚫ BLACK | G16: NO | H16: NO | I16: NO | J16: NO | K16: YES | L16: YES | M16: NO | N16: YES | O16: YES | P16: NO | Q16: YES | R16: =COUNTIF(G16:Q16,"YES") -> 5
... B23: 19 | C23: Maria Peralta | D23: PA Specialist | E23: 05/01/2022 | F23: 🟢 GREEN | G23: YES | H23: NO | I23: YES | J23: NO | K23: YES | L23: NO | M23: NO | N23: NO | O23: NO | P23: YES | Q23: YES | R23: =COUNTIF(G23:Q23,"YES") -> 5

Sheet ⚫ Confirmed Attrition
B2: ⚫ CONFIRMED ATTRITION REGISTER — All Teams
B4: # | C4: Employee Name | D4: Team | E4: Position | F4: Date Hired | G4: Confirmed Date | H4: Last Risk Status | I4: TL Notes
B5: 1 | C5: Xena Garcia | D5: Team Leou | E5: PA Specialist | F5: 44256 | G5: 45757 | H5: ⚫ BLACK | I5: Resignation confirmed.
B6: 2 | C6: Jose Concepcion | D6: Team Leou | E6: Senior Specialist | F6: 44256 | G6: 45757 | H6: ⚫ BLACK | I6: Resignation confirmed.
B7: 3 | C7: Donna Soriano | D7: Team Alpha | E7: Senior Specialist | F7: 44256 | G7: 45757 | H7: ⚫ BLACK | I7: Resignation confirmed.
B8: 4 | C8: Jake Bautista | D8: Team Alpha | E8: Senior Specialist | F8: 44256 | G8: 45757 | H8: ⚫ BLACK | I8: Resignation confirmed.
B9: 5 | C9: Gem Aquino | D9: Team Beta | E9: Senior Specialist | F9: 44256 | G9: 45757 | H9: ⚫ BLACK | I9: Resignation confirmed.
B10: 6 | C10: Carlo Dizon | D10: Team Beta | E10: PA Specialist | F10: 44256 | G10: 45757 | H10: ⚫ BLACK | I10: Resignation confirmed.
B11: 7 | C11: Alma Bautista | D11: Team Gamma | E11: Senior Specialist | F11: 44256 | G11: 45757 | H11: ⚫ BLACK | I11: Resignation confirmed.
B12: 8 | C12: Gem Peralta | D12: Team Gamma | E12: PA Specialist | F12: 44256 | G12: 45757 | H12: ⚫ BLACK | I12: Resignation confirmed.
B14: 📌 HOW TO USE: Go to any Team sheet → change Risk Status to '⚫ BLACK' → manually copy that row here OR use the Macro button on the Dashboard to auto-transfer.

Sheet 📋 Legend & Guide
B2: 📋 LEGEND & USER GUIDE
B4: STATUS | C4: MEANING | D4: ACTION REQUIRED
B5: 🟢 GREEN | C5: Employee is engaged and performing well. | D5: Continue regular check-ins and recognition.
B6: 🟡 YELLOW | C6: Mild warning signs present (1–3 indicators). | D6: Schedule 1-on-1 coaching. Document observations.
B7: 🔴 RED | C7: Multiple warning signs (4–7 indicators). High flight risk. | D7: Immediate retention conversation. Escalate to HR if needed.
B8: ⚫ BLACK | C8: Confirmed resignation or termination. | D8: Transfer to Confirmed Attrition sheet. Begin transition plan.
B11: WARNING INDICATORS EXPLAINED
B12: Frequent Tardiness | C12: Arriving late consistently (3+ times/week).
B13: Increased Absences | C13: Unplanned or unexcused absences rising.
B14: Low Productivity | C14: Consistent miss of daily/weekly targets.
B15: Disengagement in Team Huddles | C15: Not participating, camera-off, unresponsive.
B16: Job Hunting Signals | C16: LinkedIn activity, interviews, vague schedule blocks.
B17: Conflicts with Teammates | C17: Tension, complaints, or friction with peers.
B18: Decline in QA Scores | C18: QA average dropping below 98%.
B19: Reduced Initiative | C19: No longer taking on extra tasks or projects.
B20: Requesting LOA/Personal Leaves | C20: Increase in leave requests or personal time.
B21: Withdrawal from Social Activities | C21: No longer joining team events or celebrations.

Sheet Abigael Singcol Manalaysay
B2: 🔍 EARLY WARNING SIGNS TRACKER — ABIGAEL SINGCOL MANALAYSAY
B4: # | C4: Employee Name | D4: Employee ID | E4: Position | F4: Date Hired | G4: Risk Status | H4: Frequent Tardiness | I4: Increased Absences | J4: Low Productivity | K4: Disengagement in Team Huddles | L4: Job Hunting Signals | M4: Conflicts with Teammates | N4: Decline in QA/NPS Scores | O4: Reduced Initiative | P4: Requesting LOA/Leaves | Q4: Withdrawal from Social Activities | R4: With Active CAP? | S4: Risk Score | T4: Rating (Last 3 Mo.) | U4: TL Notes | V4: Last Updated
B5: 1 | C5: Cuaresma,Sherap Don De Guzman | D5: 1370513 | G5: 🟡 YELLOW | H5: NO | I5: NO | J5: NO | K5: NO | L5: NO | M5: NO | N5: NO | O5: NO | P5: NO | Q5: NO | R5: NO | S5: =COUNTIF(H5:R5,"YES") -> 0
B6: 2 | C6: Mustacisa,Jella Mae Pepito | D6: 1616547 | G6: 🟡 YELLOW | H6: NO | I6: NO | J6: NO | K6: NO | L6: NO | M6: NO | N6: NO | O6: NO | P6: NO | Q6: NO | R6: NO | S6: =COUNTIF(H6:R6,"YES") -> 0
B7: 3 | C7: Villaver,Ma Alphecca Win | D7: 1748534 | G7: 🟡 YELLOW | H7: NO | I7: NO | J7: NO | K7: NO | L7: NO | M7: NO | N7: NO | O7: NO | P7: NO | Q7: NO | R7: NO | S7: =COUNTIF(H7:R7,"YES") -> 0
B8: 4 | C8: Delos Santos,Nikki Jane Naraja | D8: 1772477 | G8: 🟡 YELLOW | H8: NO | I8: NO | J8: NO | K8: NO | L8: NO | M8: NO | N8: NO | O8: NO | P8: NO | Q8: NO | R8: NO | S8: =COUNTIF(H8:R8,"YES") -> 0
B9: 5 | C9: San Diego,Charisse Mayo | D9: 2116345 | G9: 🟡 YELLOW | H9: NO | I9: NO | J9: NO | K9: NO | L9: NO | M9: NO | N9: NO | O9: NO | P9: NO | Q9: NO | R9: NO | S9: =COUNTIF(H9:R9,"YES") -> 0
B10: 6 | C10: Belen,Carmella Silva | D10: 2116392 | G10: 🟡 YELLOW | H10: NO | I10: NO | J10: NO | K10: NO | L10: NO | M10: NO | N10: NO | O10: NO | P10: NO | Q10: NO | R10: NO | S10: =COUNTIF(H10:R10,"YES") -> 0
B11: 7 | C11: Santos,Jennilyn Chan | D11: 2122476 | G11: 🟡 YELLOW | H11: NO | I11: NO | J11: NO | K11: NO | L11: NO | M11: NO | N11: NO | O11: NO | P11: NO | Q11: NO | R11: NO | S11: =COUNTIF(H11:R11,"YES") -> 0
B12: 8 | C12: Rondina,Angelica Gabieta | D12: 2133444 | G12: 🟡 YELLOW | H12: NO | I12: NO | J12: NO | K12: NO | L12: NO | M12: NO | N12: NO | O12: NO | P12: NO | Q12: NO | R12: NO | S12: =COUNTIF(H12:R12,"YES") -> 0
B13: 9 | C13: Mengote,Mariven Ocfemia | D13: 2133445 | G13: 🟡 YELLOW | H13: NO | I13: NO | J13: NO | K13: NO | L13: NO | M13: NO | N13: NO | O13: NO | P13: NO | Q13: NO | R13: NO | S13: =COUNTIF(H13:R13,"YES") -> 0
B14: 10 | C14: Napay,Rowena Joice Baguios | D14: 2133455 | G14: 🟡 YELLOW | H14: NO | I14: NO | J14: NO | K14: NO | L14: NO | M14: NO | N14: NO | O14: NO | P14: NO | Q14: NO | R14: NO | S14: =COUNTIF(H14:R14,"YES") -> 0
B15: 11 | C15: Pamplona,Princess Joanna Yamson | D15: 2243267 | G15: 🟡 YELLOW | H15: NO | I15: NO | J15: NO | K15: NO | L15: NO | M15: NO | N15: NO | O15: NO | P15: NO | Q15: NO | R15: NO | S15: =COUNTIF(H15:R15,"YES") -> 0
B16: 12 | C16: Mollasco,Princess Camille Brazil | D16: 2244157 | G16: 🟡 YELLOW | H16: NO | I16: NO | J16: NO | K16: NO | L16: NO | M16: NO | N16: NO | O16: NO | P16: NO | Q16: NO | R16: NO | S16: =COUNTIF(H16:R16,"YES") -> 0
... B29: 25 | C29: Laory,Ramil John | D29: 900121715 | G29: 🟡 YELLOW | H29: NO | I29: NO | J29: NO | K29: NO | L29: NO | M29: NO | N29: NO | O29: NO | P29: NO | Q29: NO | R29: NO | S29: =COUNTIF(H29:R29,"YES") -> 0

Sheet Aida Marie Rodriguez
B2: 🔍 EARLY WARNING SIGNS TRACKER — AIDA MARIE RODRIGUEZ
B4: # | C4: Employee Name | D4: Employee ID | E4: Position | F4: Date Hired | G4: Risk Status | H4: Frequent Tardiness | I4: Increased Absences | J4: Low Productivity | K4: Disengagement in Team Huddles | L4: Job Hunting Signals | M4: Conflicts with Teammates | N4: Decline in QA/NPS Scores | O4: Reduced Initiative | P4: Requesting LOA/Leaves | Q4: Withdrawal from Social Activities | R4: With Active CAP? | S4: Risk Score | T4: Rating (Last 3 Mo.) | U4: TL Notes | V4: Last Updated
B5: 1 | C5: Santiago,Annette Patricia | D5: 1526221 | G5: 🟡 YELLOW | H5: NO | I5: NO | J5: NO | K5: NO | L5: NO | M5: NO | N5: NO | O5: NO | P5: NO | Q5: NO | R5: NO | S5: =COUNTIF(H5:R5,"YES") -> 0
B6: 2 | C6: Andujar,Jenny | D6: 1912820 | G6: 🟡 YELLOW | H6: NO | I6: NO | J6: NO | K6: NO | L6: NO | M6: NO | N6: NO | O6: NO | P6: NO | Q6: NO | R6: NO | S6: =COUNTIF(H6:R6,"YES") -> 0
B7: 3 | C7: Rodriguez,Jeannie Ivette | D7: 2061920 | G7: 🟡 YELLOW | H7: NO | I7: NO | J7: NO | K7: NO | L7: NO | M7: NO | N7: NO | O7: NO | P7: NO | Q7: NO | R7: NO | S7: =COUNTIF(H7:R7,"YES") -> 0
B8: 4 | C8: Agosto Sanchez,Gladys Maria | D8: 2064193 | G8: 🟡 YELLOW | H8: NO | I8: NO | J8: NO | K8: NO | L8: NO | M8: NO | N8: NO | O8: NO | P8: NO | Q8: NO | R8: NO | S8: =COUNTIF(H8:R8,"YES") -> 0
B9: 5 | C9: Rodriguez,Rhona | D9: 2066277 | G9: 🟡 YELLOW | H9: NO | I9: NO | J9: NO | K9: NO | L9: NO | M9: NO | N9: NO | O9: NO | P9: NO | Q9: NO | R9: NO | S9: =COUNTIF(H9:R9,"YES") -> 0
B10: 6 | C10: Miranda Cintron,Luis Daniel | D10: 2088201 | G10: 🟡 YELLOW | H10: NO | I10: NO | J10: NO | K10: NO | L10: NO | M10: NO | N10: NO | O10: NO | P10: NO | Q10: NO | R10: NO | S10: =COUNTIF(H10:R10,"YES") -> 0
B11: 7 | C11: Davila-Soto,Stacey N | D11: 2088210 | G11: 🟡 YELLOW | H11: NO | I11: NO | J11: NO | K11: NO | L11: NO | M11: NO | N11: NO | O11: NO | P11: NO | Q11: NO | R11: NO | S11: =COUNTIF(H11:R11,"YES") -> 0
B12: 8 | C12: Siurano,Natassia Krystal | D12: 2249968 | G12: 🟡 YELLOW | H12: NO | I12: NO | J12: NO | K12: NO | L12: NO | M12: NO | N12: NO | O12: NO | P12: NO | Q12: NO | R12: NO | S12: =COUNTIF(H12:R12,"YES") -> 0
B13: 9 | C13: Ramos-Rodriguez,Cristina Michelle | D13: 2253915 | G13: 🟡 YELLOW | H13: NO | I13: NO | J13: NO | K13: NO | L13: NO | M13: NO | N13: NO | O13: NO | P13: NO | Q13: NO | R13: NO | S13: =COUNTIF(H13:R13,"YES") -> 0
B14: 10 | C14: Feliciano,Evelyn | D14: 2254895 | G14: 🟡 YELLOW | H14: NO | I14: NO | J14: NO | K14: NO | L14: NO | M14: NO | N14: NO | O14: NO | P14: NO | Q14: NO | R14: NO | S14: =COUNTIF(H14:R14,"YES") -> 0

Sheet Ailene Logronio Laure
B2: 🔍 EARLY WARNING SIGNS TRACKER — AILENE LOGRONIO LAURE
B4: # | C4: Employee Name | D4: Employee ID | E4: Position | F4: Date Hired | G4: Risk Status | H4: Frequent Tardiness | I4: Increased Absences | J4: Low Productivity | K4: Disengagement in Team Huddles | L4: Job Hunting Signals | M4: Conflicts with Teammates | N4: Decline in QA/NPS Scores | O4: Reduced Initiative | P4: Requesting LOA/Leaves | Q4: Withdrawal from Social Activities | R4: With Active CAP? | S4: Risk Score | T4: Rating (Last 3 Mo.) | U4: TL Notes | V4: Last Updated
B5: 1 | C5: Borgonia,Cesar Medellin | D5: 2119325 | G5: 🟡 YELLOW | H5: NO | I5: NO | J5: NO | K5: NO | L5: NO | M5: NO | N5: NO | O5: NO | P5: NO | Q5: NO | R5: NO | S5: =COUNTIF(H5:R5,"YES") -> 0
B6: 2 | C6: Abul,Jane Savil Allyssa Yap | D6: 2244051 | G6: 🟡 YELLOW | H6: NO | I6: NO | J6: NO | K6: NO | L6: NO | M6: NO | N6: NO | O6: NO | P6: NO | Q6: NO | R6: NO | S6: =COUNTIF(H6:R6,"YES") -> 0
B7: 3 | C7: Astaca An,Jake Potot | D7: 2244267 | G7: 🟡 YELLOW | H7: NO | I7: NO | J7: NO | K7: NO | L7: NO | M7: NO | N7: NO | O7: NO | P7: NO | Q7: NO | R7: NO | S7: =COUNTIF(H7:R7,"YES") -> 0
B8: 4 | C8: Ala,Jalainy Anthony | D8: 900082442 | G8: 🟡 YELLOW | H8: NO | I8: NO | J8: NO | K8: NO | L8: NO | M8: NO | N8: NO | O8: NO | P8: NO | Q8: NO | R8: NO | S8: =COUNTIF(H8:R8,"YES") -> 0
B9: 5 | C9: Nator,Rene | D9: 900127783 | G9: 🟡 YELLOW | H9: NO | I9: NO | J9: NO | K9: NO | L9: NO | M9: NO | N9: NO | O9: NO | P9: NO | Q9: NO | R9: NO | S9: =COUNTIF(H9:R9,"YES") -> 0
B10: 6 | C10: Anora,Chalpretch Elija | D10: 900127842 | G10: 🟡 YELLOW | H10: NO | I10: NO | J10: NO | K10: NO | L10: NO | M10: NO | N10: NO | O10: NO | P10: NO | Q10: NO | R10: NO | S10: =COUNTIF(H10:R10,"YES") -> 0
B11: 7 | C11: Gumatay,Mary Jeil Twixy | D11: 900127878 | G11: 🟡 YELLOW | H11: NO | I11: NO | J11: NO | K11: NO | L11: NO | M11: NO | N11: NO | O11: NO | P11: NO | Q11: NO | R11: NO | S11: =COUNTIF(H11:R11,"YES") -> 0
B12: 8 | C12: Jumao-As,Christian Dominique | D12: 900127896 | G12: 🟡 YELLOW | H12: NO | I12: NO | J12: NO | K12: NO | L12: NO | M12: NO | N12: NO | O12: NO | P12: NO | Q12: NO | R12: NO | S12: =COUNTIF(H12:R12,"YES") -> 0
B13: 9 | C13: Pamisa,Marjorie | D13: 900128185 | G13: 🟡 YELLOW | H13: NO | I13: NO | J13: NO | K13: NO | L13: NO | M13: NO | N13: NO | O13: NO | P13: NO | Q13: NO | R13: NO | S13: =COUNTIF(H13:R13,"YES") -> 0
B14: 10 | C14: Giducos,Christy Mae | D14: 900128216 | G14: 🟡 YELLOW | H14: NO | I14: NO | J14: NO | K14: NO | L14: NO | M14: NO | N14: NO | O14: NO | P14: NO | Q14: NO | R14: NO | S14: =COUNTIF(H14:R14,"YES") -> 0
B15: 11 | C15: Singson,Chineelyn Mae | D15: 900128566 | G15: 🟡 YELLOW | H15: NO | I15: NO | J15: NO | K15: NO | L15: NO | M15: NO | N15: NO | O15: NO | P15: NO | Q15: NO | R15: NO | S15: =COUNTIF(H15:R15,"YES") -> 0
B16: 12 | C16: Omambac,Redje | D16: 900128667 | G16: 🟡 YELLOW | H16: NO | I16: NO | J16: NO | K16: NO | L16: NO | M16: NO | N16: NO | O16: NO | P16: NO | Q16: NO | R16: NO | S16: =COUNTIF(H16:R16,"YES") -> 0
... B22: 18 | C22: Inot,Rebecca | D22: 900130682 | G22: 🟡 YELLOW | H22: NO | I22: NO | J22: NO | K22: NO | L22: NO | M22: NO | N22: NO | O22: NO | P22: NO | Q22: NO | R22: NO | S22: =COUNTIF(H22:R22,"YES") -> 0

Sheet Alanie Sanchez Lapuz
B2: 🔍 EARLY WARNING SIGNS TRACKER — ALANIE SANCHEZ LAPUZ
B4: # | C4: Employee Name | D4: Employee ID | E4: Position | F4: Date Hired | G4: Risk Status | H4: Frequent Tardiness | I4: Increased Absences | J4: Low Productivity | K4: Disengagement in Team Huddles | L4: Job Hunting Signals | M4: Conflicts with Teammates | N4: Decline in QA/NPS Scores | O4: Reduced Initiative | P4: Requesting LOA/Leaves | Q4: Withdrawal from Social Activities | R4: With Active CAP? | S4: Risk Score | T4: Rating (Last 3 Mo.) | U4: TL Notes | V4: Last Updated
B5: 1 | C5: Chaves,Rhea Fariola | D5: 895913 | G5: 🟡 YELLOW | H5: NO | I5: NO | J5: NO | K5: NO | L5: NO | M5: NO | N5: NO | O5: NO | P5: NO | Q5: NO | R5: NO | S5: =COUNTIF(H5:R5,"YES") -> 0
B6: 2 | C6: Dacanay,Paolo Cabantog | D6: 1073247 | G6: 🟡 YELLOW | H6: NO | I6: NO | J6: NO | K6: NO | L6: NO | M6: NO | N6: NO | O6: NO | P6: NO | Q6: NO | R6: NO | S6: =COUNTIF(H6:R6,"YES") -> 0
B7: 3 | C7: Calupig,Charmaine Garde | D7: 1126814 | G7: 🟡 YELLOW | H7: NO | I7: NO | J7: NO | K7: NO | L7: NO | M7: NO | N7: NO | O7: NO | P7: NO | Q7: NO | R7: NO | S7: =COUNTIF(H7:R7,"YES") -> 0
B8: 4 | C8: Ballesteros,Joseph Andrew Cera | D8: 1183689 | G8: 🟡 YELLOW | H8: NO | I8: NO | J8: NO | K8: NO | L8: NO | M8: NO | N8: NO | O8: NO | P8: NO | Q8: NO | R8: NO | S8: =COUNTIF(H8:R8,"YES") -> 0
B9: 5 | C9: Manalaysay,Abigael Singcol | D9: 1398913 | G9: 🟡 YELLOW | H9: NO | I9: NO | J9: NO | K9: NO | L9: NO | M9: NO | N9: NO | O9: NO | P9: NO | Q9: NO | R9: NO | S9: =COUNTIF(H9:R9,"YES") -> 0

Sheet Alyana Marie Jose Dela Cruz
B2: 🔍 EARLY WARNING SIGNS TRACKER — ALYANA MARIE JOSE DELA CRUZ
B4: # | C4: Employee Name | D4: Employee ID | E4: Position | F4: Date Hired | G4: Risk Status | H4: Frequent Tardiness | I4: Increased Absences | J4: Low Productivity | K4: Disengagement in Team Huddles | L4: Job Hunting Signals | M4: Conflicts with Teammates | N4: Decline in QA/NPS Scores | O4: Reduced Initiative | P4: Requesting LOA/Leaves | Q4: Withdrawal from Social Activities | R4: With Active CAP? | S4: Risk Score | T4: Rating (Last 3 Mo.) | U4: TL Notes | V4: Last Updated
B5: 1 | C5: Falsis,Cyrus Hope Banot | D5: 1285305 | G5: 🟡 YELLOW | H5: NO | I5: NO | J5: NO | K5: NO | L5: NO | M5: NO | N5: NO | O5: NO | P5: NO | Q5: NO | R5: NO | S5: =COUNTIF(H5:R5,"YES") -> 0
B6: 2 | C6: Pogado,Maria Christina Abenir | D6: 1743256 | G6: 🟡 YELLOW | H6: NO | I6: NO | J6: NO | K6: NO | L6: NO | M6: NO | N6: NO | O6: NO | P6: NO | Q6: NO | R6: NO | S6: =COUNTIF(H6:R6,"YES") -> 0
B7: 3 | C7: Bolinao,Joseph Nikko Paz | D7: 1922793 | G7: 🟡 YELLOW | H7: NO | I7: NO | J7: NO | K7: NO | L7: NO | M7: NO | N7: NO | O7: NO | P7: NO | Q7: NO | R7: NO | S7: =COUNTIF(H7:R7,"YES") -> 0
B8: 4 | C8: Canares,Bunce Reno | D8: 1938955 | G8: 🟡 YELLOW | H8: NO | I8: NO | J8: NO | K8: NO | L8: NO | M8: NO | N8: NO | O8: NO | P8: NO | Q8: NO | R8: NO | S8: =COUNTIF(H8:R8,"YES") -> 0
B9: 5 | C9: Brioso,Denisse Rosero | D9: 1958905 | G9: 🟡 YELLOW | H9: NO | I9: NO | J9: NO | K9: NO | L9: NO | M9: NO | N9: NO | O9: NO | P9: NO | Q9: NO | R9: NO | S9: =COUNTIF(H9:R9,"YES") -> 0
B10: 6 | C10: Flores,Ezra Marie Padilla | D10: 2109623 | G10: 🟡 YELLOW | H10: NO | I10: NO | J10: NO | K10: NO | L10: NO | M10: NO | N10: NO | O10: NO | P10: NO | Q10: NO | R10: NO | S10: =COUNTIF(H10:R10,"YES") -> 0
B11: 7 | C11: Calma,Princess Pelipada | D11: 2111614 | G11: 🟡 YELLOW | H11: NO | I11: NO | J11: NO | K11: NO | L11: NO | M11: NO | N11: NO | O11: NO | P11: NO | Q11: NO | R11: NO | S11: =COUNTIF(H11:R11,"YES") -> 0
B12: 8 | C12: Ocampo,Erwin Ponciano | D12: 2116291 | G12: 🟡 YELLOW | H12: NO | I12: NO | J12: NO | K12: NO | L12: NO | M12: NO | N12: NO | O12: NO | P12: NO | Q12: NO | R12: NO | S12: =COUNTIF(H12:R12,"YES") -> 0
B13: 9 | C13: Ortiz,Josephine Sinangote | D13: 2148943 | G13: 🟡 YELLOW | H13: NO | I13: NO | J13: NO | K13: NO | L13: NO | M13: NO | N13: NO | O13: NO | P13: NO | Q13: NO | R13: NO | S13: =COUNTIF(H13:R13,"YES") -> 0
B14: 10 | C14: Cañad,Sepora Villaflores | D14: 2236081 | G14: 🟡 YELLOW | H14: NO | I14: NO | J14: NO | K14: NO | L14: NO | M14: NO | N14: NO | O14: NO | P14: NO | Q14: NO | R14: NO | S14: =COUNTIF(H14:R14,"YES") -> 0
B15: 11 | C15: Bato,Arnel Sulatorio | D15: 2258037 | G15: 🟡 YELLOW | H15: NO | I15: NO | J15: NO | K15: NO | L15: NO | M15: NO | N15: NO | O15: NO | P15: NO | Q15: NO | R15: NO | S15: =COUNTIF(H15:R15,"YES") -> 0
B16: 12 | C16: Dabalos,Shella Sipalay | D16: 2258517 | G16: 🟡 YELLOW | H16: NO | I16: NO | J16: NO | K16: NO | L16: NO | M16: NO | N16: NO | O16: NO | P16: NO | Q16: NO | R16: NO | S16: =COUNTIF(H16:R16,"YES") -> 0
... B28: 24 | C28: Rivera,Cherlhyn Anne | D28: 900130098 | G28: 🟡 YELLOW | H28: NO | I28: NO | J28: NO | K28: NO | L28: NO | M28: NO | N28: NO | O28: NO | P28: NO | Q28: NO | R28: NO | S28: =COUNTIF(H28:R28,"YES") -> 0

Sheet Archiene Ross Calderon Herbias
B2: 🔍 EARLY WARNING SIGNS TRACKER — ARCHIENE ROSS CALDERON HERBIAS
B4: # | C4: Employee Name | D4: Employee ID | E4: Position | F4: Date Hired | G4: Risk Status | H4: Frequent Tardiness | I4: Increased Absences | J4: Low Productivity | K4: Disengagement in Team Huddles | L4: Job Hunting Signals | M4: Conflicts with Teammates | N4: Decline in QA/NPS Scores | O4: Reduced Initiative | P4: Requesting LOA/Leaves | Q4: Withdrawal from Social Activities | R4: With Active CAP? | S4: Risk Score | T4: Rating (Last 3 Mo.) | U4: TL Notes | V4: Last Updated
B5: 1 | C5: Perez,Gwen Kristina Ebardo | D5: 1939520 | G5: 🟡 YELLOW | H5: NO | I5: NO | J5: NO | K5: NO | L5: NO | M5: NO | N5: NO | O5: NO | P5: NO | Q5: NO | R5: NO | S5: =COUNTIF(H5:R5,"YES") -> 0
B6: 2 | C6: De Los Santos,Phoebe Hannah Apara | D6: 1943508 | G6: 🟡 YELLOW | H6: NO | I6: NO | J6: NO | K6: NO | L6: NO | M6: NO | N6: NO | O6: NO | P6: NO | Q6: NO | R6: NO | S6: =COUNTIF(H6:R6,"YES") -> 0
B7: 3 | C7: Guilipa,Ma Lexy Jean Ucab | D7: 2108438 | G7: 🟡 YELLOW | H7: NO | I7: NO | J7: NO | K7: NO | L7: NO | M7: NO | N7: NO | O7: NO | P7: NO | Q7: NO | R7: NO | S7: =COUNTIF(H7:R7,"YES") -> 0
B8: 4 | C8: Paciñ,Princess Jean Menor | D8: 2232915 | G8: 🟡 YELLOW | H8: NO | I8: NO | J8: NO | K8: NO | L8: NO | M8: NO | N8: NO | O8: NO | P8: NO | Q8: NO | R8: NO | S8: =COUNTIF(H8:R8,"YES") -> 0
B9: 5 | C9: Aniban,Brandon Saludaga | D9: 2233004 | G9: 🟡 YELLOW | H9: NO | I9: NO | J9: NO | K9: NO | L9: NO | M9: NO | N9: NO | O9: NO | P9: NO | Q9: NO | R9: NO | S9: =COUNTIF(H9:R9,"YES") -> 0
B10: 6 | C10: Bureros,Jaybee Benigay | D10: 2235984 | G10: 🟡 YELLOW | H10: NO | I10: NO | J10: NO | K10: NO | L10: NO | M10: NO | N10: NO | O10: NO | P10: NO | Q10: NO | R10: NO | S10: =COUNTIF(H10:R10,"YES") -> 0
B11: 7 | C11: Abueva,Lovely Mae Canizar | D11: 2236076 | G11: 🟡 YELLOW | H11: NO | I11: NO | J11: NO | K11: NO | L11: NO | M11: NO | N11: NO | O11: NO | P11: NO | Q11: NO | R11: NO | S11: =COUNTIF(H11:R11,"YES") -> 0
B12: 8 | C12: Suson,Lurraine | D12: 2238298 | G12: 🟡 YELLOW | H12: NO | I12: NO | J12: NO | K12: NO | L12: NO | M12: NO | N12: NO | O12: NO | P12: NO | Q12: NO | R12: NO | S12: =COUNTIF(H12:R12,"YES") -> 0
B13: 9 | C13: Atendido,Kristelle Calamdag | D13: 2244256 | G13: 🟡 YELLOW | H13: NO | I13: NO | J13: NO | K13: NO | L13: NO | M13: NO | N13: NO | O13: NO | P13: NO | Q13: NO | R13: NO | S13: =COUNTIF(H13:R13,"YES") -> 0
B14: 10 | C14: Rafaela,John Vert Cabato | D14: 2245220 | G14: 🟡 YELLOW | H14: NO | I14: NO | J14: NO | K14: NO | L14: NO | M14: NO | N14: NO | O14: NO | P14: NO | Q14: NO | R14: NO | S14: =COUNTIF(H14:R14,"YES") -> 0
B15: 11 | C15: Nepomuceno,Kristine Jay Ann | D15: 900040071 | G15: 🟡 YELLOW | H15: NO | I15: NO | J15: NO | K15: NO | L15: NO | M15: NO | N15: NO | O15: NO | P15: NO | Q15: NO | R15: NO | S15: =COUNTIF(H15:R15,"YES") -> 0
B16: 12 | C16: Trinidad,Jill Rondina | D16: 900040082 | G16: 🟡 YELLOW | H16: NO | I16: NO | J16: NO | K16: NO | L16: NO | M16: NO | N16: NO | O16: NO | P16: NO | Q16: NO | R16: NO | S16: =COUNTIF(H16:R16,"YES") -> 0
... B22: 18 | C22: Radaza,Alvingie | D22: 900062114 | G22: 🟡 YELLOW | H22: NO | I22: NO | J22: NO | K22: NO | L22: NO | M22: NO | N22: NO | O22: NO | P22: NO | Q22: NO | R22: NO | S22: =COUNTIF(H22:R22,"YES") -> 0

Sheet Beulah Grace Arroyo Dacanay
B2: 🔍 EARLY WARNING SIGNS TRACKER — BEULAH GRACE ARROYO DACANAY
B4: # | C4: Employee Name | D4: Employee ID | E4: Position | F4: Date Hired | G4: Risk Status | H4: Frequent Tardiness | I4: Increased Absences | J4: Low Productivity | K4: Disengagement in Team Huddles | L4: Job Hunting Signals | M4: Conflicts with Teammates | N4: Decline in QA/NPS Scores | O4: Reduced Initiative | P4: Requesting LOA/Leaves | Q4: Withdrawal from Social Activities | R4: With Active CAP? | S4: Risk Score | T4: Rating (Last 3 Mo.) | U4: TL Notes | V4: Last Updated
B5: 1 | C5: Villamor,Arnel Villanueva | D5: 2125325 | G5: 🟡 YELLOW | H5: NO | I5: NO | J5: NO | K5: NO | L5: NO | M5: NO | N5: NO | O5: NO | P5: NO | Q5: NO | R5: NO | S5: =COUNTIF(H5:R5,"YES") -> 0
B6: 2 | C6: Bautista,Irene | D6: 2130135 | G6: 🟡 YELLOW | H6: NO | I6: NO | J6: NO | K6: NO | L6: NO | M6: NO | N6: NO | O6: NO | P6: NO | Q6: NO | R6: NO | S6: =COUNTIF(H6:R6,"YES") -> 0
B7: 3 | C7: Aboganda,Glylen Jay Basada | D7: 2149643 | G7: 🟡 YELLOW | H7: NO | I7: NO | J7: NO | K7: NO | L7: NO | M7: NO | N7: NO | O7: NO | P7: NO | Q7: NO | R7: NO | S7: =COUNTIF(H7:R7,"YES") -> 0
B8: 4 | C8: Nudalo,Yvette Pacaldo | D8: 2238244 | G8: 🟡 YELLOW | H8: NO | I8: NO | J8: NO | K8: NO | L8: NO | M8: NO | N8: NO | O8: NO | P8: NO | Q8: NO | R8: NO | S8: =COUNTIF(H8:R8,"YES") -> 0
B9: 5 | C9: Taburnal,Godfrey Justan | D9: 2254055 | G9: 🟡 YELLOW | H9: NO | I9: NO | J9: NO | K9: NO | L9: NO | M9: NO | N9: NO | O9: NO | P9: NO | Q9: NO | R9: NO | S9: =COUNTIF(H9:R9,"YES") -> 0
B10: 6 | C10: Gudarido,Cherry Mae Tortugo | D10: 2258536 | G10: 🟡 YELLOW | H10: NO | I10: NO | J10: NO | K10: NO | L10: NO | M10: NO | N10: NO | O10: NO | P10: NO | Q10: NO | R10: NO | S10: =COUNTIF(H10:R10,"YES") -> 0
B11: 7 | C11: Dicdiquin,Analyn Auditor | D11: 2258550 | G11: 🟡 YELLOW | H11: NO | I11: NO | J11: NO | K11: NO | L11: NO | M11: NO | N11: NO | O11: NO | P11: NO | Q11: NO | R11: NO | S11: =COUNTIF(H11:R11,"YES") -> 0
B12: 8 | C12: Angayao,Janiel James | D12: 900041310 | G12: 🟡 YELLOW | H12: NO | I12: NO | J12: NO | K12: NO | L12: NO | M12: NO | N12: NO | O12: NO | P12: NO | Q12: NO | R12: NO | S12: =COUNTIF(H12:R12,"YES") -> 0
B13: 9 | C13: Remosil ,Kyle Vincent | D13: 900041320 | G13: 🟡 YELLOW | H13: NO | I13: NO | J13: NO | K13: NO | L13: NO | M13: NO | N13: NO | O13: NO | P13: NO | Q13: NO | R13: NO | S13: =COUNTIF(H13:R13,"YES") -> 0
B14: 10 | C14: Malaran ,Rennel | D14: 900047355 | G14: 🟡 YELLOW | H14: NO | I14: NO | J14: NO | K14: NO | L14: NO | M14: NO | N14: NO | O14: NO | P14: NO | Q14: NO | R14: NO | S14: =COUNTIF(H14:R14,"YES") -> 0
B15: 11 | C15: Fedillaga,Jean Clarette | D15: 900062127 | G15: 🟡 YELLOW | H15: NO | I15: NO | J15: NO | K15: NO | L15: NO | M15: NO | N15: NO | O15: NO | P15: NO | Q15: NO | R15: NO | S15: =COUNTIF(H15:R15,"YES") -> 0
B16: 12 | C16: Lao,Patricia | D16: 900062436 | G16: 🟡 YELLOW | H16: NO | I16: NO | J16: NO | K16: NO | L16: NO | M16: NO | N16: NO | O16: NO | P16: NO | Q16: NO | R16: NO | S16: =COUNTIF(H16:R16,"YES") -> 0
... B23: 19 | C23: Getaruelas,Rogelson | D23: 900098991 | G23: 🟡 YELLOW | H23: NO | I23: NO | J23: NO | K23: NO | L23: NO | M23: NO | N23: NO | O23: NO | P23: NO | Q23: NO | R23: NO | S23: =COUNTIF(H23:R23,"YES") -> 0

Sheet Carlo Angelo Lim Regalado
B2: 🔍 EARLY WARNING SIGNS TRACKER — CARLO ANGELO LIM REGALADO
B4: # | C4: Employee Name | D4: Employee ID | E4: Position | F4: Date Hired | G4: Risk Status | H4: Frequent Tardiness | I4: Increased Absences | J4: Low Productivity | K4: Disengagement in Team Huddles | L4: Job Hunting Signals | M4: Conflicts with Teammates | N4: Decline in QA/NPS Scores | O4: Reduced Initiative | P4: Requesting LOA/Leaves | Q4: Withdrawal from Social Activities | R4: With Active CAP? | S4: Risk Score | T4: Rating (Last 3 Mo.) | U4: TL Notes | V4: Last Updated
B5: 1 | C5: Laure,Ailene Logronio | D5: 1045068 | G5: 🟡 YELLOW | H5: NO | I5: NO | J5: NO | K5: NO | L5: NO | M5: NO | N5: NO | O5: NO | P5: NO | Q5: NO | R5: NO | S5: =COUNTIF(H5:R5,"YES") -> 0
B6: 2 | C6: Herbias,Archiene Ross Calderon | D6: 1834949 | G6: 🟡 YELLOW | H6: NO | I6: NO | J6: NO | K6: NO | L6: NO | M6: NO | N6: NO | O6: NO | P6: NO | Q6: NO | R6: NO | S6: =COUNTIF(H6:R6,"YES") -> 0
B7: 3 | C7: Comendador,Leou Alven Narito | D7: 1895222 | G7: 🟡 YELLOW | H7: NO | I7: NO | J7: NO | K7: NO | L7: NO | M7: NO | N7: NO | O7: NO | P7: NO | Q7: NO | R7: NO | S7: =COUNTIF(H7:R7,"YES") -> 0
B8: 4 | C8: Alvaro,Cres Marvin Alexander | D8: 1988888 | G8: 🟡 YELLOW | H8: NO | I8: NO | J8: NO | K8: NO | L8: NO | M8: NO | N8: NO | O8: NO | P8: NO | Q8: NO | R8: NO | S8: =COUNTIF(H8:R8,"YES") -> 0

Sheet Cathreen Aizha Ria Almazan
B2: 🔍 EARLY WARNING SIGNS TRACKER — CATHREEN AIZHA RIA ALMAZAN
B4: # | C4: Employee Name | D4: Employee ID | E4: Position | F4: Date Hired | G4: Risk Status | H4: Frequent Tardiness | I4: Increased Absences | J4: Low Productivity | K4: Disengagement in Team Huddles | L4: Job Hunting Signals | M4: Conflicts with Teammates | N4: Decline in QA/NPS Scores | O4: Reduced Initiative | P4: Requesting LOA/Leaves | Q4: Withdrawal from Social Activities | R4: With Active CAP? | S4: Risk Score | T4: Rating (Last 3 Mo.) | U4: TL Notes | V4: Last Updated
B5: 1 | C5: Regalado,Carlo Angelo Lim | D5: 957496 | G5: 🟡 YELLOW | H5: NO | I5: NO | J5: NO | K5: NO | L5: NO | M5: NO | N5: NO | O5: NO | P5: NO | Q5: NO | R5: NO | S5: =COUNTIF(H5:R5,"YES") -> 0
B6: 2 | C6: Lapuz,Alanie Sanchez | D6: 1186681 | G6: 🟡 YELLOW | H6: NO | I6: NO | J6: NO | K6: NO | L6: NO | M6: NO | N6: NO | O6: NO | P6: NO | Q6: NO | R6: NO | S6: =COUNTIF(H6:R6,"YES") -> 0
B7: 3 | C7: Tuting,Frederic Matthew Carlos | D7: 1291775 | G7: 🟡 YELLOW | H7: NO | I7: NO | J7: NO | K7: NO | L7: NO | M7: NO | N7: NO | O7: NO | P7: NO | Q7: NO | R7: NO | S7: =COUNTIF(H7:R7,"YES") -> 0
B8: 4 | C8: Rudila,Janice Carbonilla | D8: 1485076 | G8: 🟡 YELLOW | H8: NO | I8: NO | J8: NO | K8: NO | L8: NO | M8: NO | N8: NO | O8: NO | P8: NO | Q8: NO | R8: NO | S8: =COUNTIF(H8:R8,"YES") -> 0

Sheet Charlie Jr De Asis Cuartero
B2: 🔍 EARLY WARNING SIGNS TRACKER — CHARLIE JR DE ASIS CUARTERO
B4: # | C4: Employee Name | D4: Employee ID | E4: Position | F4: Date Hired | G4: Risk Status | H4: Frequent Tardiness | I4: Increased Absences | J4: Low Productivity | K4: Disengagement in Team Huddles | L4: Job Hunting Signals | M4: Conflicts with Teammates | N4: Decline in QA/NPS Scores | O4: Reduced Initiative | P4: Requesting LOA/Leaves | Q4: Withdrawal from Social Activities | R4: With Active CAP? | S4: Risk Score | T4: Rating (Last 3 Mo.) | U4: TL Notes | V4: Last Updated
B5: 1 | C5: Cabuenas,Paula Joy Diaz | D5: 1130605 | G5: 🟡 YELLOW | H5: NO | I5: NO | J5: NO | K5: NO | L5: NO | M5: NO | N5: NO | O5: NO | P5: NO | Q5: NO | R5: NO | S5: =COUNTIF(H5:R5,"YES") -> 0
B6: 2 | C6: Nares,Vincent Gualdada | D6: 1180052 | G6: 🟡 YELLOW | H6: NO | I6: NO | J6: NO | K6: NO | L6: NO | M6: NO | N6: NO | O6: NO | P6: NO | Q6: NO | R6: NO | S6: =COUNTIF(H6:R6,"YES") -> 0
B7: 3 | C7: Demdam,Sheena Sales | D7: 1304362 | G7: 🟡 YELLOW | H7: NO | I7: NO | J7: NO | K7: NO | L7: NO | M7: NO | N7: NO | O7: NO | P7: NO | Q7: NO | R7: NO | S7: =COUNTIF(H7:R7,"YES") -> 0
B8: 4 | C8: Esperat,Orlando Jr Ignacio | D8: 1364822 | G8: 🟡 YELLOW | H8: NO | I8: NO | J8: NO | K8: NO | L8: NO | M8: NO | N8: NO | O8: NO | P8: NO | Q8: NO | R8: NO | S8: =COUNTIF(H8:R8,"YES") -> 0
B9: 5 | C9: Diligencia,Eunice Datar | D9: 1626237 | G9: 🟡 YELLOW | H9: NO | I9: NO | J9: NO | K9: NO | L9: NO | M9: NO | N9: NO | O9: NO | P9: NO | Q9: NO | R9: NO | S9: =COUNTIF(H9:R9,"YES") -> 0
B10: 6 | C10: Tejada,Gregorio Jr Iii Gallego | D10: 1627458 | G10: 🟡 YELLOW | H10: NO | I10: NO | J10: NO | K10: NO | L10: NO | M10: NO | N10: NO | O10: NO | P10: NO | Q10: NO | R10: NO | S10: =COUNTIF(H10:R10,"YES") -> 0
B11: 7 | C11: Dela Cruz,Carl Dominic | D11: 1910787 | G11: 🟡 YELLOW | H11: NO | I11: NO | J11: NO | K11: NO | L11: NO | M11: NO | N11: NO | O11: NO | P11: NO | Q11: NO | R11: NO | S11: =COUNTIF(H11:R11,"YES") -> 0
B12: 8 | C12: Khalifa,Adnan Raymundo | D12: 1919948 | G12: 🟡 YELLOW | H12: NO | I12: NO | J12: NO | K12: NO | L12: NO | M12: NO | N12: NO | O12: NO | P12: NO | Q12: NO | R12: NO | S12: =COUNTIF(H12:R12,"YES") -> 0
B13: 9 | C13: Bernardez,Paolo Angelo Claveria | D13: 1958881 | G13: 🟡 YELLOW | H13: NO | I13: NO | J13: NO | K13: NO | L13: NO | M13: NO | N13: NO | O13: NO | P13: NO | Q13: NO | R13: NO | S13: =COUNTIF(H13:R13,"YES") -> 0
B14: 10 | C14: Ortega,Olivia Noren Portacio | D14: 900031814 | G14: 🟡 YELLOW | H14: NO | I14: NO | J14: NO | K14: NO | L14: NO | M14: NO | N14: NO | O14: NO | P14: NO | Q14: NO | R14: NO | S14: =COUNTIF(H14:R14,"YES") -> 0
B15: 11 | C15: Satiembre,Joppa Mae Gomura | D15: 900033211 | G15: 🟡 YELLOW | H15: NO | I15: NO | J15: NO | K15: NO | L15: NO | M15: NO | N15: NO | O15: NO | P15: NO | Q15: NO | R15: NO | S15: =COUNTIF(H15:R15,"YES") -> 0
B16: 12 | C16: Estacio,John Khristoffer | D16: 900033222 | G16: 🟡 YELLOW | H16: NO | I16: NO | J16: NO | K16: NO | L16: NO | M16: NO | N16: NO | O16: NO | P16: NO | Q16: NO | R16: NO | S16: =COUNTIF(H16:R16,"YES") -> 0
... B18: 14 | C18: Galit,Drex Lester Ene | D18: 900038990 | G18: 🟡 YELLOW | H18: NO | I18: NO | J18: NO | K18: NO | L18: NO | M18: NO | N18: NO | O18: NO | P18: NO | Q18: NO | R18: NO | S18: =COUNTIF(H18:R18,"YES") -> 0

Sheet Charmaine Garde Calupig
B2: 🔍 EARLY WARNING SIGNS TRACKER — CHARMAINE GARDE CALUPIG
B4: # | C4: Employee Name | D4: Employee ID | E4: Position | F4: Date Hired | G4: Risk Status | H4: Frequent Tardiness | I4: Increased Absences | J4: Low Productivity | K4: Disengagement in Team Huddles | L4: Job Hunting Signals | M4: Conflicts with Teammates | N4: Decline in QA/NPS Scores | O4: Reduced Initiative | P4: Requesting LOA/Leaves | Q4: Withdrawal from Social Activities | R4: With Active CAP? | S4: Risk Score | T4: Rating (Last 3 Mo.) | U4: TL Notes | V4: Last Updated
B5: 1 | C5: Dumalag,Maria Luisa Mercado | D5: 1181770 | G5: 🟡 YELLOW | H5: NO | I5: NO | J5: NO | K5: NO | L5: NO | M5: NO | N5: NO | O5: NO | P5: NO | Q5: NO | R5: NO | S5: =COUNTIF(H5:R5,"YES") -> 0
B6: 2 | C6: Macasero,Hazel Matos | D6: 1249865 | G6: 🟡 YELLOW | H6: NO | I6: NO | J6: NO | K6: NO | L6: NO | M6: NO | N6: NO | O6: NO | P6: NO | Q6: NO | R6: NO | S6: =COUNTIF(H6:R6,"YES") -> 0
B7: 3 | C7: Lacida,Princess Aileen Delloson | D7: 1365554 | G7: 🟡 YELLOW | H7: NO | I7: NO | J7: NO | K7: NO | L7: NO | M7: NO | N7: NO | O7: NO | P7: NO | Q7: NO | R7: NO | S7: =COUNTIF(H7:R7,"YES") -> 0
B8: 4 | C8: Alasaas,Mark Anthony Espigar | D8: 1384153 | G8: 🟡 YELLOW | H8: NO | I8: NO | J8: NO | K8: NO | L8: NO | M8: NO | N8: NO | O8: NO | P8: NO | Q8: NO | R8: NO | S8: =COUNTIF(H8:R8,"YES") -> 0
B9: 5 | C9: Delos Reyes,Jhorelle Lerona | D9: 1398901 | G9: 🟡 YELLOW | H9: NO | I9: NO | J9: NO | K9: NO | L9: NO | M9: NO | N9: NO | O9: NO | P9: NO | Q9: NO | R9: NO | S9: =COUNTIF(H9:R9,"YES") -> 0
B10: 6 | C10: Lawas,Romel John Ferrero | D10: 1521923 | G10: 🟡 YELLOW | H10: NO | I10: NO | J10: NO | K10: NO | L10: NO | M10: NO | N10: NO | O10: NO | P10: NO | Q10: NO | R10: NO | S10: =COUNTIF(H10:R10,"YES") -> 0
B11: 7 | C11: Lagrimas,Harold James Aguillon | D11: 1522576 | G11: 🟡 YELLOW | H11: NO | I11: NO | J11: NO | K11: NO | L11: NO | M11: NO | N11: NO | O11: NO | P11: NO | Q11: NO | R11: NO | S11: =COUNTIF(H11:R11,"YES") -> 0
B12: 8 | C12: Perez,Joyce Ann Elisan | D12: 1748546 | G12: 🟡 YELLOW | H12: NO | I12: NO | J12: NO | K12: NO | L12: NO | M12: NO | N12: NO | O12: NO | P12: NO | Q12: NO | R12: NO | S12: =COUNTIF(H12:R12,"YES") -> 0
B13: 9 | C13: Macarilay,Jean | D13: 1907247 | G13: 🟡 YELLOW | H13: NO | I13: NO | J13: NO | K13: NO | L13: NO | M13: NO | N13: NO | O13: NO | P13: NO | Q13: NO | R13: NO | S13: =COUNTIF(H13:R13,"YES") -> 0
B14: 10 | C14: Pelicano,Janjejoyce Alvez | D14: 1958931 | G14: 🟡 YELLOW | H14: NO | I14: NO | J14: NO | K14: NO | L14: NO | M14: NO | N14: NO | O14: NO | P14: NO | Q14: NO | R14: NO | S14: =COUNTIF(H14:R14,"YES") -> 0
B15: 11 | C15: Villanueva,Carmina Minorca | D15: 2133869 | G15: 🟡 YELLOW | H15: NO | I15: NO | J15: NO | K15: NO | L15: NO | M15: NO | N15: NO | O15: NO | P15: NO | Q15: NO | R15: NO | S15: =COUNTIF(H15:R15,"YES") -> 0
B16: 12 | C16: Dayrit,Jon Paolo Jao | D16: 2159060 | G16: 🟡 YELLOW | H16: NO | I16: NO | J16: NO | K16: NO | L16: NO | M16: NO | N16: NO | O16: NO | P16: NO | Q16: NO | R16: NO | S16: =COUNTIF(H16:R16,"YES") -> 0
B17: 13 | C17: Rosello,James Bembo | D17: 900068394 | G17: 🟡 YELLOW | H17: NO | I17: NO | J17: NO | K17: NO | L17: NO | M17: NO | N17: NO | O17: NO | P17: NO | Q17: NO | R17: NO | S17: =COUNTIF(H17:R17,"YES") -> 0

Sheet Chrisel Lingat Martinez
B2: 🔍 EARLY WARNING SIGNS TRACKER — CHRISEL LINGAT MARTINEZ
B4: # | C4: Employee Name | D4: Employee ID | E4: Position | F4: Date Hired | G4: Risk Status | H4: Frequent Tardiness | I4: Increased Absences | J4: Low Productivity | K4: Disengagement in Team Huddles | L4: Job Hunting Signals | M4: Conflicts with Teammates | N4: Decline in QA/NPS Scores | O4: Reduced Initiative | P4: Requesting LOA/Leaves | Q4: Withdrawal from Social Activities | R4: With Active CAP? | S4: Risk Score | T4: Rating (Last 3 Mo.) | U4: TL Notes | V4: Last Updated
B5: 1 | C5: Zablan,Emmanuel Laguilles | D5: 1014806 | G5: 🟡 YELLOW | H5: NO | I5: NO | J5: NO | K5: NO | L5: NO | M5: NO | N5: NO | O5: NO | P5: NO | Q5: NO | R5: NO | S5: =COUNTIF(H5:R5,"YES") -> 0
B6: 2 | C6: Tilbe,Angielyn Yap | D6: 1046283 | G6: 🟡 YELLOW | H6: NO | I6: NO | J6: NO | K6: NO | L6: NO | M6: NO | N6: NO | O6: NO | P6: NO | Q6: NO | R6: NO | S6: =COUNTIF(H6:R6,"YES") -> 0
B7: 3 | C7: Flores,Jan Michael Enciso | D7: 1081100 | G7: 🟡 YELLOW | H7: NO | I7: NO | J7: NO | K7: NO | L7: NO | M7: NO | N7: NO | O7: NO | P7: NO | Q7: NO | R7: NO | S7: =COUNTIF(H7:R7,"YES") -> 0
B8: 4 | C8: Magpusao,Mariecris Villarete | D8: 1087050 | G8: 🟡 YELLOW | H8: NO | I8: NO | J8: NO | K8: NO | L8: NO | M8: NO | N8: NO | O8: NO | P8: NO | Q8: NO | R8: NO | S8: =COUNTIF(H8:R8,"YES") -> 0
B9: 5 | C9: Palma,Michael Richard Infante | D9: 1164811 | G9: 🟡 YELLOW | H9: NO | I9: NO | J9: NO | K9: NO | L9: NO | M9: NO | N9: NO | O9: NO | P9: NO | Q9: NO | R9: NO | S9: =COUNTIF(H9:R9,"YES") -> 0
B10: 6 | C10: Daileg,Kristine Dianne Evangelista | D10: 1164877 | G10: 🟡 YELLOW | H10: NO | I10: NO | J10: NO | K10: NO | L10: NO | M10: NO | N10: NO | O10: NO | P10: NO | Q10: NO | R10: NO | S10: =COUNTIF(H10:R10,"YES") -> 0
B11: 7 | C11: Gaviola,Lester Torno | D11: 1249049 | G11: 🟡 YELLOW | H11: NO | I11: NO | J11: NO | K11: NO | L11: NO | M11: NO | N11: NO | O11: NO | P11: NO | Q11: NO | R11: NO | S11: =COUNTIF(H11:R11,"YES") -> 0
B12: 8 | C12: Ramos,Delta Anne Valeen Ambre | D12: 1250275 | G12: 🟡 YELLOW | H12: NO | I12: NO | J12: NO | K12: NO | L12: NO | M12: NO | N12: NO | O12: NO | P12: NO | Q12: NO | R12: NO | S12: =COUNTIF(H12:R12,"YES") -> 0
B13: 9 | C13: Alejandrino,Ma Lourdes Fontillas | D13: 1300816 | G13: 🟡 YELLOW | H13: NO | I13: NO | J13: NO | K13: NO | L13: NO | M13: NO | N13: NO | O13: NO | P13: NO | Q13: NO | R13: NO | S13: =COUNTIF(H13:R13,"YES") -> 0
B14: 10 | C14: Guiquin,Edison Keith Calawagan | D14: 1307003 | G14: 🟡 YELLOW | H14: NO | I14: NO | J14: NO | K14: NO | L14: NO | M14: NO | N14: NO | O14: NO | P14: NO | Q14: NO | R14: NO | S14: =COUNTIF(H14:R14,"YES") -> 0

Sheet Cres Marvin Alexander Alvaro
B2: 🔍 EARLY WARNING SIGNS TRACKER — CRES MARVIN ALEXANDER ALVARO
B4: # | C4: Employee Name | D4: Employee ID | E4: Position | F4: Date Hired | G4: Risk Status | H4: Frequent Tardiness | I4: Increased Absences | J4: Low Productivity | K4: Disengagement in Team Huddles | L4: Job Hunting Signals | M4: Conflicts with Teammates | N4: Decline in QA/NPS Scores | O4: Reduced Initiative | P4: Requesting LOA/Leaves | Q4: Withdrawal from Social Activities | R4: With Active CAP? | S4: Risk Score | T4: Rating (Last 3 Mo.) | U4: TL Notes | V4: Last Updated
B5: 1 | C5: Silangan,Kathrina Mae Suycano | D5: 2254052 | G5: 🟡 YELLOW | H5: NO | I5: NO | J5: NO | K5: NO | L5: NO | M5: NO | N5: NO | O5: NO | P5: NO | Q5: NO | R5: NO | S5: =COUNTIF(H5:R5,"YES") -> 0
B6: 2 | C6: Lucresia,Sheena Estorba | D6: 2254111 | G6: 🟡 YELLOW | H6: NO | I6: NO | J6: NO | K6: NO | L6: NO | M6: NO | N6: NO | O6: NO | P6: NO | Q6: NO | R6: NO | S6: =COUNTIF(H6:R6,"YES") -> 0

Sheet Danica Villano Furiscal
B2: 🔍 EARLY WARNING SIGNS TRACKER — DANICA VILLANO FURISCAL
B4: # | C4: Employee Name | D4: Employee ID | E4: Position | F4: Date Hired | G4: Risk Status | H4: Frequent Tardiness | I4: Increased Absences | J4: Low Productivity | K4: Disengagement in Team Huddles | L4: Job Hunting Signals | M4: Conflicts with Teammates | N4: Decline in QA/NPS Scores | O4: Reduced Initiative | P4: Requesting LOA/Leaves | Q4: Withdrawal from Social Activities | R4: With Active CAP? | S4: Risk Score | T4: Rating (Last 3 Mo.) | U4: TL Notes | V4: Last Updated
B5: 1 | C5: Cacnio,Anna Katrina Salvador | D5: 1026075 | G5: 🟡 YELLOW | H5: NO | I5: NO | J5: NO | K5: NO | L5: NO | M5: NO | N5: NO | O5: NO | P5: NO | Q5: NO | R5: NO | S5: =COUNTIF(H5:R5,"YES") -> 0
B6: 2 | C6: Balboa,Maria Carmela Eugenio | D6: 1081291 | G6: 🟡 YELLOW | H6: NO | I6: NO | J6: NO | K6: NO | L6: NO | M6: NO | N6: NO | O6: NO | P6: NO | Q6: NO | R6: NO | S6: =COUNTIF(H6:R6,"YES") -> 0
B7: 3 | C7: Luzong,Erika Nica Robles | D7: 1145959 | G7: 🟡 YELLOW | H7: NO | I7: NO | J7: NO | K7: NO | L7: NO | M7: NO | N7: NO | O7: NO | P7: NO | Q7: NO | R7: NO | S7: =COUNTIF(H7:R7,"YES") -> 0
B8: 4 | C8: Baccay,Jonamie | D8: 1149651 | G8: 🟡 YELLOW | H8: NO | I8: NO | J8: NO | K8: NO | L8: NO | M8: NO | N8: NO | O8: NO | P8: NO | Q8: NO | R8: NO | S8: =COUNTIF(H8:R8,"YES") -> 0
B9: 5 | C9: Pasores,Erika Jane Rodriguez | D9: 1185804 | G9: 🟡 YELLOW | H9: NO | I9: NO | J9: NO | K9: NO | L9: NO | M9: NO | N9: NO | O9: NO | P9: NO | Q9: NO | R9: NO | S9: =COUNTIF(H9:R9,"YES") -> 0
B10: 6 | C10: Tampioc,Ma Rose Ann Casimpoy | D10: 1296850 | G10: 🟡 YELLOW | H10: NO | I10: NO | J10: NO | K10: NO | L10: NO | M10: NO | N10: NO | O10: NO | P10: NO | Q10: NO | R10: NO | S10: =COUNTIF(H10:R10,"YES") -> 0
B11: 7 | C11: Europio,Karen Remedio | D11: 1743027 | G11: 🟡 YELLOW | H11: NO | I11: NO | J11: NO | K11: NO | L11: NO | M11: NO | N11: NO | O11: NO | P11: NO | Q11: NO | R11: NO | S11: =COUNTIF(H11:R11,"YES") -> 0
B12: 8 | C12: Vicentillo,Jude Mike Mojado | D12: 1944148 | G12: 🟡 YELLOW | H12: NO | I12: NO | J12: NO | K12: NO | L12: NO | M12: NO | N12: NO | O12: NO | P12: NO | Q12: NO | R12: NO | S12: =COUNTIF(H12:R12,"YES") -> 0
B13: 9 | C13: Ramos,John Mar Canda | D13: 1944454 | G13: 🟡 YELLOW | H13: NO | I13: NO | J13: NO | K13: NO | L13: NO | M13: NO | N13: NO | O13: NO | P13: NO | Q13: NO | R13: NO | S13: =COUNTIF(H13:R13,"YES") -> 0
B14: 10 | C14: Magsalay,Fitzgerald Caballes | D14: 1949856 | G14: 🟡 YELLOW | H14: NO | I14: NO | J14: NO | K14: NO | L14: NO | M14: NO | N14: NO | O14: NO | P14: NO | Q14: NO | R14: NO | S14: =COUNTIF(H14:R14,"YES") -> 0
B15: 11 | C15: Landan,Hans Mattew Ronco | D15: 2109619 | G15: 🟡 YELLOW | H15: NO | I15: NO | J15: NO | K15: NO | L15: NO | M15: NO | N15: NO | O15: NO | P15: NO | Q15: NO | R15: NO | S15: =COUNTIF(H15:R15,"YES") -> 0
B16: 12 | C16: Micael,Jonathan'C Fabular | D16: 2109629 | G16: 🟡 YELLOW | H16: NO | I16: NO | J16: NO | K16: NO | L16: NO | M16: NO | N16: NO | O16: NO | P16: NO | Q16: NO | R16: NO | S16: =COUNTIF(H16:R16,"YES") -> 0
... B23: 19 | C23: Managaytay,Jessica Ypil | D23: 2135173 | G23: 🟡 YELLOW | H23: NO | I23: NO | J23: NO | K23: NO | L23: NO | M23: NO | N23: NO | O23: NO | P23: NO | Q23: NO | R23: NO | S23: =COUNTIF(H23:R23,"YES") -> 0

Sheet Desiree Granpil Rudio
B2: 🔍 EARLY WARNING SIGNS TRACKER — DESIREE GRANPIL RUDIO
B4: # | C4: Employee Name | D4: Employee ID | E4: Position | F4: Date Hired | G4: Risk Status | H4: Frequent Tardiness | I4: Increased Absences | J4: Low Productivity | K4: Disengagement in Team Huddles | L4: Job Hunting Signals | M4: Conflicts with Teammates | N4: Decline in QA/NPS Scores | O4: Reduced Initiative | P4: Requesting LOA/Leaves | Q4: Withdrawal from Social Activities | R4: With Active CAP? | S4: Risk Score | T4: Rating (Last 3 Mo.) | U4: TL Notes | V4: Last Updated
B5: 1 | C5: Nicolas Jr,Elmirando | D5: 900124195 | G5: 🟡 YELLOW | H5: NO | I5: NO | J5: NO | K5: NO | L5: NO | M5: NO | N5: NO | O5: NO | P5: NO | Q5: NO | R5: NO | S5: =COUNTIF(H5:R5,"YES") -> 0
B6: 2 | C6: De Quiroz,Steven Rommae | D6: 900124197 | G6: 🟡 YELLOW | H6: NO | I6: NO | J6: NO | K6: NO | L6: NO | M6: NO | N6: NO | O6: NO | P6: NO | Q6: NO | R6: NO | S6: =COUNTIF(H6:R6,"YES") -> 0
B7: 3 | C7: Alba,Valeree | D7: 900124212 | G7: 🟡 YELLOW | H7: NO | I7: NO | J7: NO | K7: NO | L7: NO | M7: NO | N7: NO | O7: NO | P7: NO | Q7: NO | R7: NO | S7: =COUNTIF(H7:R7,"YES") -> 0
B8: 4 | C8: Bialen,Mark Anthony | D8: 900127241 | G8: 🟡 YELLOW | H8: NO | I8: NO | J8: NO | K8: NO | L8: NO | M8: NO | N8: NO | O8: NO | P8: NO | Q8: NO | R8: NO | S8: =COUNTIF(H8:R8,"YES") -> 0
B9: 5 | C9: Muyco,Kenrick | D9: 900127270 | G9: 🟡 YELLOW | H9: NO | I9: NO | J9: NO | K9: NO | L9: NO | M9: NO | N9: NO | O9: NO | P9: NO | Q9: NO | R9: NO | S9: =COUNTIF(H9:R9,"YES") -> 0
B10: 6 | C10: Madrigal,Elaiza | D10: 900128612 | G10: 🟡 YELLOW | H10: NO | I10: NO | J10: NO | K10: NO | L10: NO | M10: NO | N10: NO | O10: NO | P10: NO | Q10: NO | R10: NO | S10: =COUNTIF(H10:R10,"YES") -> 0
B11: 7 | C11: Esteban,Maritoni | D11: 900128616 | G11: 🟡 YELLOW | H11: NO | I11: NO | J11: NO | K11: NO | L11: NO | M11: NO | N11: NO | O11: NO | P11: NO | Q11: NO | R11: NO | S11: =COUNTIF(H11:R11,"YES") -> 0
B12: 8 | C12: Cruz,Vigilan | D12: 900128630 | G12: 🟡 YELLOW | H12: NO | I12: NO | J12: NO | K12: NO | L12: NO | M12: NO | N12: NO | O12: NO | P12: NO | Q12: NO | R12: NO | S12: =COUNTIF(H12:R12,"YES") -> 0
B13: 9 | C13: Bulfa,Audrey Joy | D13: 900128639 | G13: 🟡 YELLOW | H13: NO | I13: NO | J13: NO | K13: NO | L13: NO | M13: NO | N13: NO | O13: NO | P13: NO | Q13: NO | R13: NO | S13: =COUNTIF(H13:R13,"YES") -> 0
B14: 10 | C14: Castrudes,Asca | D14: 900128656 | G14: 🟡 YELLOW | H14: NO | I14: NO | J14: NO | K14: NO | L14: NO | M14: NO | N14: NO | O14: NO | P14: NO | Q14: NO | R14: NO | S14: =COUNTIF(H14:R14,"YES") -> 0
B15: 11 | C15: Quintos,Laila Nicole | D15: 900130029 | G15: 🟡 YELLOW | H15: NO | I15: NO | J15: NO | K15: NO | L15: NO | M15: NO | N15: NO | O15: NO | P15: NO | Q15: NO | R15: NO | S15: =COUNTIF(H15:R15,"YES") -> 0
B16: 12 | C16: Banting,Ma Annalyn | D16: 900130217 | G16: 🟡 YELLOW | H16: NO | I16: NO | J16: NO | K16: NO | L16: NO | M16: NO | N16: NO | O16: NO | P16: NO | Q16: NO | R16: NO | S16: =COUNTIF(H16:R16,"YES") -> 0

Sheet Donabel Sabado Corrales
B2: 🔍 EARLY WARNING SIGNS TRACKER — DONABEL SABADO CORRALES
B4: # | C4: Employee Name | D4: Employee ID | E4: Position | F4: Date Hired | G4: Risk Status | H4: Frequent Tardiness | I4: Increased Absences | J4: Low Productivity | K4: Disengagement in Team Huddles | L4: Job Hunting Signals | M4: Conflicts with Teammates | N4: Decline in QA/NPS Scores | O4: Reduced Initiative | P4: Requesting LOA/Leaves | Q4: Withdrawal from Social Activities | R4: With Active CAP? | S4: Risk Score | T4: Rating (Last 3 Mo.) | U4: TL Notes | V4: Last Updated
B5: 1 | C5: Carillo,Mearijen Ganola | D5: 2280861 | G5: 🟡 YELLOW | H5: NO | I5: NO | J5: NO | K5: NO | L5: NO | M5: NO | N5: NO | O5: NO | P5: NO | Q5: NO | R5: NO | S5: =COUNTIF(H5:R5,"YES") -> 0
B6: 2 | C6: Gonzales,Howard Tano | D6: 900027213 | G6: 🟡 YELLOW | H6: NO | I6: NO | J6: NO | K6: NO | L6: NO | M6: NO | N6: NO | O6: NO | P6: NO | Q6: NO | R6: NO | S6: =COUNTIF(H6:R6,"YES") -> 0
B7: 3 | C7: Sagucio,Karl Andrew Dotado | D7: 900027214 | G7: 🟡 YELLOW | H7: NO | I7: NO | J7: NO | K7: NO | L7: NO | M7: NO | N7: NO | O7: NO | P7: NO | Q7: NO | R7: NO | S7: =COUNTIF(H7:R7,"YES") -> 0
B8: 4 | C8: Singh,Evelyn Bautista | D8: 900027220 | G8: 🟡 YELLOW | H8: NO | I8: NO | J8: NO | K8: NO | L8: NO | M8: NO | N8: NO | O8: NO | P8: NO | Q8: NO | R8: NO | S8: =COUNTIF(H8:R8,"YES") -> 0
B9: 5 | C9: Isorena,Ma. Bernadette Bagay | D9: 900027223 | G9: 🟡 YELLOW | H9: NO | I9: NO | J9: NO | K9: NO | L9: NO | M9: NO | N9: NO | O9: NO | P9: NO | Q9: NO | R9: NO | S9: =COUNTIF(H9:R9,"YES") -> 0
B10: 6 | C10: Malague�,Nelly Yaranon | D10: 900027245 | G10: 🟡 YELLOW | H10: NO | I10: NO | J10: NO | K10: NO | L10: NO | M10: NO | N10: NO | O10: NO | P10: NO | Q10: NO | R10: NO | S10: =COUNTIF(H10:R10,"YES") -> 0
B11: 7 | C11: Osias,Cathlene Manlap | D11: 900027264 | G11: 🟡 YELLOW | H11: NO | I11: NO | J11: NO | K11: NO | L11: NO | M11: NO | N11: NO | O11: NO | P11: NO | Q11: NO | R11: NO | S11: =COUNTIF(H11:R11,"YES") -> 0
B12: 8 | C12: Balintong,Angela Ais | D12: 900027301 | G12: 🟡 YELLOW | H12: NO | I12: NO | J12: NO | K12: NO | L12: NO | M12: NO | N12: NO | O12: NO | P12: NO | Q12: NO | R12: NO | S12: =COUNTIF(H12:R12,"YES") -> 0
B13: 9 | C13: Libres,Kurt Lacdo | D13: 900027372 | G13: 🟡 YELLOW | H13: NO | I13: NO | J13: NO | K13: NO | L13: NO | M13: NO | N13: NO | O13: NO | P13: NO | Q13: NO | R13: NO | S13: =COUNTIF(H13:R13,"YES") -> 0
B14: 10 | C14: Moralla,Jonalyn Castillo | D14: 900027374 | G14: 🟡 YELLOW | H14: NO | I14: NO | J14: NO | K14: NO | L14: NO | M14: NO | N14: NO | O14: NO | P14: NO | Q14: NO | R14: NO | S14: =COUNTIF(H14:R14,"YES") -> 0
B15: 11 | C15: Zamora,Philip NA | D15: 900027390 | G15: 🟡 YELLOW | H15: NO | I15: NO | J15: NO | K15: NO | L15: NO | M15: NO | N15: NO | O15: NO | P15: NO | Q15: NO | R15: NO | S15: =COUNTIF(H15:R15,"YES") -> 0
B16: 12 | C16: Rendon,Janine Montian | D16: 900027594 | G16: 🟡 YELLOW | H16: NO | I16: NO | J16: NO | K16: NO | L16: NO | M16: NO | N16: NO | O16: NO | P16: NO | Q16: NO | R16: NO | S16: =COUNTIF(H16:R16,"YES") -> 0
... B21: 17 | C21: Abitago,Ma. Lea Buere | D21: 900031153 | G21: 🟡 YELLOW | H21: NO | I21: NO | J21: NO | K21: NO | L21: NO | M21: NO | N21: NO | O21: NO | P21: NO | Q21: NO | R21: NO | S21: =COUNTIF(H21:R21,"YES") -> 0

Sheet Efren Jr Caitor Variacion
B2: 🔍 EARLY WARNING SIGNS TRACKER — EFREN JR CAITOR VARIACION
B4: # | C4: Employee Name | D4: Employee ID | E4: Position | F4: Date Hired | G4: Risk Status | H4: Frequent Tardiness | I4: Increased Absences | J4: Low Productivity | K4: Disengagement in Team Huddles | L4: Job Hunting Signals | M4: Conflicts with Teammates | N4: Decline in QA/NPS Scores | O4: Reduced Initiative | P4: Requesting LOA/Leaves | Q4: Withdrawal from Social Activities | R4: With Active CAP? | S4: Risk Score | T4: Rating (Last 3 Mo.) | U4: TL Notes | V4: Last Updated
B5: 1 | C5: Mayagma,Juannah Ababa | D5: 1623051 | G5: 🟡 YELLOW | H5: NO | I5: NO | J5: NO | K5: NO | L5: NO | M5: NO | N5: NO | O5: NO | P5: NO | Q5: NO | R5: NO | S5: =COUNTIF(H5:R5,"YES") -> 0
B6: 2 | C6: Espinosa,Rein Athalia De La Victoria | D6: 2119335 | G6: 🟡 YELLOW | H6: NO | I6: NO | J6: NO | K6: NO | L6: NO | M6: NO | N6: NO | O6: NO | P6: NO | Q6: NO | R6: NO | S6: =COUNTIF(H6:R6,"YES") -> 0
B7: 3 | C7: Gino,Jecelyn Villaver | D7: 2236086 | G7: 🟡 YELLOW | H7: NO | I7: NO | J7: NO | K7: NO | L7: NO | M7: NO | N7: NO | O7: NO | P7: NO | Q7: NO | R7: NO | S7: =COUNTIF(H7:R7,"YES") -> 0
B8: 4 | C8: Rufino,Ross Nicolle Tomaroy | D8: 2244265 | G8: 🟡 YELLOW | H8: NO | I8: NO | J8: NO | K8: NO | L8: NO | M8: NO | N8: NO | O8: NO | P8: NO | Q8: NO | R8: NO | S8: =COUNTIF(H8:R8,"YES") -> 0
B9: 5 | C9: Roda,Hunny Mae Legara | D9: 2244762 | G9: 🟡 YELLOW | H9: NO | I9: NO | J9: NO | K9: NO | L9: NO | M9: NO | N9: NO | O9: NO | P9: NO | Q9: NO | R9: NO | S9: =COUNTIF(H9:R9,"YES") -> 0
B10: 6 | C10: Garcia,Queeny Rose Undaloc | D10: 2258515 | G10: 🟡 YELLOW | H10: NO | I10: NO | J10: NO | K10: NO | L10: NO | M10: NO | N10: NO | O10: NO | P10: NO | Q10: NO | R10: NO | S10: =COUNTIF(H10:R10,"YES") -> 0
B11: 7 | C11: Gabucan,Jemalyn Navarro | D11: 900041368 | G11: 🟡 YELLOW | H11: NO | I11: NO | J11: NO | K11: NO | L11: NO | M11: NO | N11: NO | O11: NO | P11: NO | Q11: NO | R11: NO | S11: =COUNTIF(H11:R11,"YES") -> 0
B12: 8 | C12: Manacap,Jelie May | D12: 900045128 | G12: 🟡 YELLOW | H12: NO | I12: NO | J12: NO | K12: NO | L12: NO | M12: NO | N12: NO | O12: NO | P12: NO | Q12: NO | R12: NO | S12: =COUNTIF(H12:R12,"YES") -> 0
B13: 9 | C13: Ubas,Kimber Faith | D13: 900069890 | G13: 🟡 YELLOW | H13: NO | I13: NO | J13: NO | K13: NO | L13: NO | M13: NO | N13: NO | O13: NO | P13: NO | Q13: NO | R13: NO | S13: =COUNTIF(H13:R13,"YES") -> 0
B14: 10 | C14: Apas,Wilson Ly | D14: 900069901 | G14: 🟡 YELLOW | H14: NO | I14: NO | J14: NO | K14: NO | L14: NO | M14: NO | N14: NO | O14: NO | P14: NO | Q14: NO | R14: NO | S14: =COUNTIF(H14:R14,"YES") -> 0
B15: 11 | C15: Miranda,Nivea Mae | D15: 900087479 | G15: 🟡 YELLOW | H15: NO | I15: NO | J15: NO | K15: NO | L15: NO | M15: NO | N15: NO | O15: NO | P15: NO | Q15: NO | R15: NO | S15: =COUNTIF(H15:R15,"YES") -> 0
B16: 12 | C16: Zabate,Reynante | D16: 900096774 | G16: 🟡 YELLOW | H16: NO | I16: NO | J16: NO | K16: NO | L16: NO | M16: NO | N16: NO | O16: NO | P16: NO | Q16: NO | R16: NO | S16: =COUNTIF(H16:R16,"YES") -> 0
... B22: 18 | C22: Batobalonos,Florijane | D22: 900124991 | G22: 🟡 YELLOW | H22: NO | I22: NO | J22: NO | K22: NO | L22: NO | M22: NO | N22: NO | O22: NO | P22: NO | Q22: NO | R22: NO | S22: =COUNTIF(H22:R22,"YES") -> 0

Sheet Frederic Matthew Carlos Tuting
B2: 🔍 EARLY WARNING SIGNS TRACKER — FREDERIC MATTHEW CARLOS TUTING
B4: # | C4: Employee Name | D4: Employee ID | E4: Position | F4: Date Hired | G4: Risk Status | H4: Frequent Tardiness | I4: Increased Absences | J4: Low Productivity | K4: Disengagement in Team Huddles | L4: Job Hunting Signals | M4: Conflicts with Teammates | N4: Decline in QA/NPS Scores | O4: Reduced Initiative | P4: Requesting LOA/Leaves | Q4: Withdrawal from Social Activities | R4: With Active CAP? | S4: Risk Score | T4: Rating (Last 3 Mo.) | U4: TL Notes | V4: Last Updated
B5: 1 | C5: Viloria,Floraine Ann Villaraza | D5: 1087051 | G5: 🟡 YELLOW | H5: NO | I5: NO | J5: NO | K5: NO | L5: NO | M5: NO | N5: NO | O5: NO | P5: NO | Q5: NO | R5: NO | S5: =COUNTIF(H5:R5,"YES") -> 0
B6: 2 | C6: Fernandez,Lea Ibag | D6: 1305110 | G6: 🟡 YELLOW | H6: NO | I6: NO | J6: NO | K6: NO | L6: NO | M6: NO | N6: NO | O6: NO | P6: NO | Q6: NO | R6: NO | S6: =COUNTIF(H6:R6,"YES") -> 0
B7: 3 | C7: Abrasado,Jennie Ann Mondido | D7: 1317924 | G7: 🟡 YELLOW | H7: NO | I7: NO | J7: NO | K7: NO | L7: NO | M7: NO | N7: NO | O7: NO | P7: NO | Q7: NO | R7: NO | S7: =COUNTIF(H7:R7,"YES") -> 0
B8: 4 | C8: Fuentenegra,Victor Jr Cabriles | D8: 1629542 | G8: 🟡 YELLOW | H8: NO | I8: NO | J8: NO | K8: NO | L8: NO | M8: NO | N8: NO | O8: NO | P8: NO | Q8: NO | R8: NO | S8: =COUNTIF(H8:R8,"YES") -> 0

Sheet Gay Olid Lobrin
B2: 🔍 EARLY WARNING SIGNS TRACKER — GAY OLID LOBRIN
B4: # | C4: Employee Name | D4: Employee ID | E4: Position | F4: Date Hired | G4: Risk Status | H4: Frequent Tardiness | I4: Increased Absences | J4: Low Productivity | K4: Disengagement in Team Huddles | L4: Job Hunting Signals | M4: Conflicts with Teammates | N4: Decline in QA/NPS Scores | O4: Reduced Initiative | P4: Requesting LOA/Leaves | Q4: Withdrawal from Social Activities | R4: With Active CAP? | S4: Risk Score | T4: Rating (Last 3 Mo.) | U4: TL Notes | V4: Last Updated
B5: 1 | C5: Soledad,Criselle Faith Bambico | D5: 1892681 | G5: 🟡 YELLOW | H5: NO | I5: NO | J5: NO | K5: NO | L5: NO | M5: NO | N5: NO | O5: NO | P5: NO | Q5: NO | R5: NO | S5: =COUNTIF(H5:R5,"YES") -> 0
B6: 2 | C6: Agda,Kenneth Bryan | D6: 1910213 | G6: 🟡 YELLOW | H6: NO | I6: NO | J6: NO | K6: NO | L6: NO | M6: NO | N6: NO | O6: NO | P6: NO | Q6: NO | R6: NO | S6: =COUNTIF(H6:R6,"YES") -> 0
B7: 3 | C7: Macaraeg,Michael Bairan | D7: 1922447 | G7: 🟡 YELLOW | H7: NO | I7: NO | J7: NO | K7: NO | L7: NO | M7: NO | N7: NO | O7: NO | P7: NO | Q7: NO | R7: NO | S7: =COUNTIF(H7:R7,"YES") -> 0
B8: 4 | C8: Logmao,Nyrene Grace Lozada | D8: 2116323 | G8: 🟡 YELLOW | H8: NO | I8: NO | J8: NO | K8: NO | L8: NO | M8: NO | N8: NO | O8: NO | P8: NO | Q8: NO | R8: NO | S8: =COUNTIF(H8:R8,"YES") -> 0
B9: 5 | C9: Come,Martin Cultivo | D9: 2116332 | G9: 🟡 YELLOW | H9: NO | I9: NO | J9: NO | K9: NO | L9: NO | M9: NO | N9: NO | O9: NO | P9: NO | Q9: NO | R9: NO | S9: =COUNTIF(H9:R9,"YES") -> 0
B10: 6 | C10: Allorde,Jose Francisco Sustituido | D10: 2133436 | G10: 🟡 YELLOW | H10: NO | I10: NO | J10: NO | K10: NO | L10: NO | M10: NO | N10: NO | O10: NO | P10: NO | Q10: NO | R10: NO | S10: =COUNTIF(H10:R10,"YES") -> 0
B11: 7 | C11: Tabuzo,Ma Sofia Lorraine Yuga | D11: 2133457 | G11: 🟡 YELLOW | H11: NO | I11: NO | J11: NO | K11: NO | L11: NO | M11: NO | N11: NO | O11: NO | P11: NO | Q11: NO | R11: NO | S11: =COUNTIF(H11:R11,"YES") -> 0
B12: 8 | C12: Bajande,Ivy Ann Barcenas | D12: 2133849 | G12: 🟡 YELLOW | H12: NO | I12: NO | J12: NO | K12: NO | L12: NO | M12: NO | N12: NO | O12: NO | P12: NO | Q12: NO | R12: NO | S12: =COUNTIF(H12:R12,"YES") -> 0
B13: 9 | C13: Catayas,Cristel Ann Nodesca | D13: 2160029 | G13: 🟡 YELLOW | H13: NO | I13: NO | J13: NO | K13: NO | L13: NO | M13: NO | N13: NO | O13: NO | P13: NO | Q13: NO | R13: NO | S13: =COUNTIF(H13:R13,"YES") -> 0
B14: 10 | C14: Toledo,Junior Abraham Iii Acero | D14: 2243232 | G14: 🟡 YELLOW | H14: NO | I14: NO | J14: NO | K14: NO | L14: NO | M14: NO | N14: NO | O14: NO | P14: NO | Q14: NO | R14: NO | S14: =COUNTIF(H14:R14,"YES") -> 0
B15: 11 | C15: Baroñ,Lady Glennise Maristela | D15: 2243245 | G15: 🟡 YELLOW | H15: NO | I15: NO | J15: NO | K15: NO | L15: NO | M15: NO | N15: NO | O15: NO | P15: NO | Q15: NO | R15: NO | S15: =COUNTIF(H15:R15,"YES") -> 0
B16: 12 | C16: Yu,Samantha Joyce Tumbali | D16: 2244749 | G16: 🟡 YELLOW | H16: NO | I16: NO | J16: NO | K16: NO | L16: NO | M16: NO | N16: NO | O16: NO | P16: NO | Q16: NO | R16: NO | S16: =COUNTIF(H16:R16,"YES") -> 0
... B20: 16 | C20: Base,Rachel Mae Mabini | D20: 2258553 | G20: 🟡 YELLOW | H20: NO | I20: NO | J20: NO | K20: NO | L20: NO | M20: NO | N20: NO | O20: NO | P20: NO | Q20: NO | R20: NO | S20: =COUNTIF(H20:R20,"YES") -> 0

Sheet Hector Ramiro Laboy- Lebron
B2: 🔍 EARLY WARNING SIGNS TRACKER — HECTOR RAMIRO LABOY- LEBRON
B4: # | C4: Employee Name | D4: Employee ID | E4: Position | F4: Date Hired | G4: Risk Status | H4: Frequent Tardiness | I4: Increased Absences | J4: Low Productivity | K4: Disengagement in Team Huddles | L4: Job Hunting Signals | M4: Conflicts with Teammates | N4: Decline in QA/NPS Scores | O4: Reduced Initiative | P4: Requesting LOA/Leaves | Q4: Withdrawal from Social Activities | R4: With Active CAP? | S4: Risk Score | T4: Rating (Last 3 Mo.) | U4: TL Notes | V4: Last Updated
B5: 1 | C5: Benitez-Garcia,Edward Abraham | D5: 1449796 | G5: 🟡 YELLOW | H5: NO | I5: NO | J5: NO | K5: NO | L5: NO | M5: NO | N5: NO | O5: NO | P5: NO | Q5: NO | R5: NO | S5: =COUNTIF(H5:R5,"YES") -> 0
B6: 2 | C6: Valcarcel,Jean Andre | D6: 1491441 | G6: 🟡 YELLOW | H6: NO | I6: NO | J6: NO | K6: NO | L6: NO | M6: NO | N6: NO | O6: NO | P6: NO | Q6: NO | R6: NO | S6: =COUNTIF(H6:R6,"YES") -> 0
B7: 3 | C7: Hernandez,Zara Ellis | D7: 1517798 | G7: 🟡 YELLOW | H7: NO | I7: NO | J7: NO | K7: NO | L7: NO | M7: NO | N7: NO | O7: NO | P7: NO | Q7: NO | R7: NO | S7: =COUNTIF(H7:R7,"YES") -> 0
B8: 4 | C8: Nieves Rivera,Luz Celenia | D8: 1610513 | G8: 🟡 YELLOW | H8: NO | I8: NO | J8: NO | K8: NO | L8: NO | M8: NO | N8: NO | O8: NO | P8: NO | Q8: NO | R8: NO | S8: =COUNTIF(H8:R8,"YES") -> 0
B9: 5 | C9: Rosado Ortiz,Neyssa Yeshaira | D9: 1625887 | G9: 🟡 YELLOW | H9: NO | I9: NO | J9: NO | K9: NO | L9: NO | M9: NO | N9: NO | O9: NO | P9: NO | Q9: NO | R9: NO | S9: =COUNTIF(H9:R9,"YES") -> 0
B10: 6 | C10: Diaz,Karyna | D10: 2060201 | G10: 🟡 YELLOW | H10: NO | I10: NO | J10: NO | K10: NO | L10: NO | M10: NO | N10: NO | O10: NO | P10: NO | Q10: NO | R10: NO | S10: =COUNTIF(H10:R10,"YES") -> 0
B11: 7 | C11: Pellot Nieves,Dermalis | D11: 2065776 | G11: 🟡 YELLOW | H11: NO | I11: NO | J11: NO | K11: NO | L11: NO | M11: NO | N11: NO | O11: NO | P11: NO | Q11: NO | R11: NO | S11: =COUNTIF(H11:R11,"YES") -> 0
B12: 8 | C12: Rivera Rodriguez,Shirley Ann | D12: 2067636 | G12: 🟡 YELLOW | H12: NO | I12: NO | J12: NO | K12: NO | L12: NO | M12: NO | N12: NO | O12: NO | P12: NO | Q12: NO | R12: NO | S12: =COUNTIF(H12:R12,"YES") -> 0
B13: 9 | C13: Huertas,Jazmine | D13: 2069753 | G13: 🟡 YELLOW | H13: NO | I13: NO | J13: NO | K13: NO | L13: NO | M13: NO | N13: NO | O13: NO | P13: NO | Q13: NO | R13: NO | S13: =COUNTIF(H13:R13,"YES") -> 0
B14: 10 | C14: De Jesus,Michelle | D14: 2069802 | G14: 🟡 YELLOW | H14: NO | I14: NO | J14: NO | K14: NO | L14: NO | M14: NO | N14: NO | O14: NO | P14: NO | Q14: NO | R14: NO | S14: =COUNTIF(H14:R14,"YES") -> 0
B15: 11 | C15: Delgado,Jahyra | D15: 2069808 | G15: 🟡 YELLOW | H15: NO | I15: NO | J15: NO | K15: NO | L15: NO | M15: NO | N15: NO | O15: NO | P15: NO | Q15: NO | R15: NO | S15: =COUNTIF(H15:R15,"YES") -> 0
B16: 12 | C16: Estremera,Natasha Alana | D16: 2088202 | G16: 🟡 YELLOW | H16: NO | I16: NO | J16: NO | K16: NO | L16: NO | M16: NO | N16: NO | O16: NO | P16: NO | Q16: NO | R16: NO | S16: =COUNTIF(H16:R16,"YES") -> 0
... B18: 14 | C18: Rivera Alvarado,Christian O | D18: 2088217 | G18: 🟡 YELLOW | H18: NO | I18: NO | J18: NO | K18: NO | L18: NO | M18: NO | N18: NO | O18: NO | P18: NO | Q18: NO | R18: NO | S18: =COUNTIF(H18:R18,"YES") -> 0

Sheet Janice Carbonilla Rudila
B2: 🔍 EARLY WARNING SIGNS TRACKER — JANICE CARBONILLA RUDILA
B4: # | C4: Employee Name | D4: Employee ID | E4: Position | F4: Date Hired | G4: Risk Status | H4: Frequent Tardiness | I4: Increased Absences | J4: Low Productivity | K4: Disengagement in Team Huddles | L4: Job Hunting Signals | M4: Conflicts with Teammates | N4: Decline in QA/NPS Scores | O4: Reduced Initiative | P4: Requesting LOA/Leaves | Q4: Withdrawal from Social Activities | R4: With Active CAP? | S4: Risk Score | T4: Rating (Last 3 Mo.) | U4: TL Notes | V4: Last Updated
B5: 1 | C5: Lluch,Krizza Louise Lariosa | D5: 1092209 | G5: 🟡 YELLOW | H5: NO | I5: NO | J5: NO | K5: NO | L5: NO | M5: NO | N5: NO | O5: NO | P5: NO | Q5: NO | R5: NO | S5: =COUNTIF(H5:R5,"YES") -> 0
B6: 2 | C6: Bringas,Leah Bernadette Lavalle | D6: 1251522 | G6: 🟡 YELLOW | H6: NO | I6: NO | J6: NO | K6: NO | L6: NO | M6: NO | N6: NO | O6: NO | P6: NO | Q6: NO | R6: NO | S6: =COUNTIF(H6:R6,"YES") -> 0
B7: 3 | C7: Lobrin,Gay Olid | D7: 1298011 | G7: 🟡 YELLOW | H7: NO | I7: NO | J7: NO | K7: NO | L7: NO | M7: NO | N7: NO | O7: NO | P7: NO | Q7: NO | R7: NO | S7: =COUNTIF(H7:R7,"YES") -> 0
B8: 4 | C8: Dacanay,Beulah Grace Arroyo | D8: 1300316 | G8: 🟡 YELLOW | H8: NO | I8: NO | J8: NO | K8: NO | L8: NO | M8: NO | N8: NO | O8: NO | P8: NO | Q8: NO | R8: NO | S8: =COUNTIF(H8:R8,"YES") -> 0
B9: 5 | C9: Variacion,Efren Jr Caitor | D9: 1950504 | G9: 🟡 YELLOW | H9: NO | I9: NO | J9: NO | K9: NO | L9: NO | M9: NO | N9: NO | O9: NO | P9: NO | Q9: NO | R9: NO | S9: =COUNTIF(H9:R9,"YES") -> 0
B10: 6 | C10: Campanilla,Brennan Roy Solis | D10: 2254045 | G10: 🟡 YELLOW | H10: NO | I10: NO | J10: NO | K10: NO | L10: NO | M10: NO | N10: NO | O10: NO | P10: NO | Q10: NO | R10: NO | S10: =COUNTIF(H10:R10,"YES") -> 0

Sheet Jean Paul Raymundo Larracas
B2: 🔍 EARLY WARNING SIGNS TRACKER — JEAN PAUL RAYMUNDO LARRACAS
B4: # | C4: Employee Name | D4: Employee ID | E4: Position | F4: Date Hired | G4: Risk Status | H4: Frequent Tardiness | I4: Increased Absences | J4: Low Productivity | K4: Disengagement in Team Huddles | L4: Job Hunting Signals | M4: Conflicts with Teammates | N4: Decline in QA/NPS Scores | O4: Reduced Initiative | P4: Requesting LOA/Leaves | Q4: Withdrawal from Social Activities | R4: With Active CAP? | S4: Risk Score | T4: Rating (Last 3 Mo.) | U4: TL Notes | V4: Last Updated
B5: 1 | C5: Acot,Chreshiela Mag Usara | D5: 1065833 | G5: 🟡 YELLOW | H5: NO | I5: NO | J5: NO | K5: NO | L5: NO | M5: NO | N5: NO | O5: NO | P5: NO | Q5: NO | R5: NO | S5: =COUNTIF(H5:R5,"YES") -> 0
B6: 2 | C6: Galang,Jerwin Sanchez | D6: 1089313 | G6: 🟡 YELLOW | H6: NO | I6: NO | J6: NO | K6: NO | L6: NO | M6: NO | N6: NO | O6: NO | P6: NO | Q6: NO | R6: NO | S6: =COUNTIF(H6:R6,"YES") -> 0
B7: 3 | C7: Gaurano,Jacob Philip Jumaquio | D7: 1090847 | G7: 🟡 YELLOW | H7: NO | I7: NO | J7: NO | K7: NO | L7: NO | M7: NO | N7: NO | O7: NO | P7: NO | Q7: NO | R7: NO | S7: =COUNTIF(H7:R7,"YES") -> 0
B8: 4 | C8: Ricamora,Maria Regina Victoria Laguna | D8: 1145971 | G8: 🟡 YELLOW | H8: NO | I8: NO | J8: NO | K8: NO | L8: NO | M8: NO | N8: NO | O8: NO | P8: NO | Q8: NO | R8: NO | S8: =COUNTIF(H8:R8,"YES") -> 0
B9: 5 | C9: Castro,Christian Lavaran | D9: 1145993 | G9: 🟡 YELLOW | H9: NO | I9: NO | J9: NO | K9: NO | L9: NO | M9: NO | N9: NO | O9: NO | P9: NO | Q9: NO | R9: NO | S9: =COUNTIF(H9:R9,"YES") -> 0
B10: 6 | C10: Delena,Rhea Mea Mabulac | D10: 1227045 | G10: 🟡 YELLOW | H10: NO | I10: NO | J10: NO | K10: NO | L10: NO | M10: NO | N10: NO | O10: NO | P10: NO | Q10: NO | R10: NO | S10: =COUNTIF(H10:R10,"YES") -> 0
B11: 7 | C11: Nieva,Sheryl Ann Palomata | D11: 1249987 | G11: 🟡 YELLOW | H11: NO | I11: NO | J11: NO | K11: NO | L11: NO | M11: NO | N11: NO | O11: NO | P11: NO | Q11: NO | R11: NO | S11: =COUNTIF(H11:R11,"YES") -> 0
B12: 8 | C12: Yulo,Nickaela Felongco | D12: 1260035 | G12: 🟡 YELLOW | H12: NO | I12: NO | J12: NO | K12: NO | L12: NO | M12: NO | N12: NO | O12: NO | P12: NO | Q12: NO | R12: NO | S12: =COUNTIF(H12:R12,"YES") -> 0
B13: 9 | C13: Langomez,Mary Jane Arnigo | D13: 1383786 | G13: 🟡 YELLOW | H13: NO | I13: NO | J13: NO | K13: NO | L13: NO | M13: NO | N13: NO | O13: NO | P13: NO | Q13: NO | R13: NO | S13: =COUNTIF(H13:R13,"YES") -> 0
B14: 10 | C14: Interia,Madelliene Natino | D14: 1736907 | G14: 🟡 YELLOW | H14: NO | I14: NO | J14: NO | K14: NO | L14: NO | M14: NO | N14: NO | O14: NO | P14: NO | Q14: NO | R14: NO | S14: =COUNTIF(H14:R14,"YES") -> 0
B15: 11 | C15: Baratas,Ma Shiella Mae Cagas | D15: 1928288 | G15: 🟡 YELLOW | H15: NO | I15: NO | J15: NO | K15: NO | L15: NO | M15: NO | N15: NO | O15: NO | P15: NO | Q15: NO | R15: NO | S15: =COUNTIF(H15:R15,"YES") -> 0
B16: 12 | C16: Ampo,Emilie Lozano | D16: 1942146 | G16: 🟡 YELLOW | H16: NO | I16: NO | J16: NO | K16: NO | L16: NO | M16: NO | N16: NO | O16: NO | P16: NO | Q16: NO | R16: NO | S16: =COUNTIF(H16:R16,"YES") -> 0
... B26: 22 | C26: Sulayao,Windy Homyao | D26: 2282550 | G26: 🟡 YELLOW | H26: NO | I26: NO | J26: NO | K26: NO | L26: NO | M26: NO | N26: NO | O26: NO | P26: NO | Q26: NO | R26: NO | S26: =COUNTIF(H26:R26,"YES") -> 0

Sheet Jennie Ann Mondido Abrasado
B2: 🔍 EARLY WARNING SIGNS TRACKER — JENNIE ANN MONDIDO ABRASADO
B4: # | C4: Employee Name | D4: Employee ID | E4: Position | F4: Date Hired | G4: Risk Status | H4: Frequent Tardiness | I4: Increased Absences | J4: Low Productivity | K4: Disengagement in Team Huddles | L4: Job Hunting Signals | M4: Conflicts with Teammates | N4: Decline in QA/NPS Scores | O4: Reduced Initiative | P4: Requesting LOA/Leaves | Q4: Withdrawal from Social Activities | R4: With Active CAP? | S4: Risk Score | T4: Rating (Last 3 Mo.) | U4: TL Notes | V4: Last Updated
B5: 1 | C5: Dasig,Rizza Joy Ymalay | D5: 1255197 | G5: 🟡 YELLOW | H5: NO | I5: NO | J5: NO | K5: NO | L5: NO | M5: NO | N5: NO | O5: NO | P5: NO | Q5: NO | R5: NO | S5: =COUNTIF(H5:R5,"YES") -> 0
B6: 2 | C6: Tamparong,Dyan Ross Bucol | D6: 1398920 | G6: 🟡 YELLOW | H6: NO | I6: NO | J6: NO | K6: NO | L6: NO | M6: NO | N6: NO | O6: NO | P6: NO | Q6: NO | R6: NO | S6: =COUNTIF(H6:R6,"YES") -> 0
B7: 3 | C7: Tacio,Erma Basubas | D7: 1691233 | G7: 🟡 YELLOW | H7: NO | I7: NO | J7: NO | K7: NO | L7: NO | M7: NO | N7: NO | O7: NO | P7: NO | Q7: NO | R7: NO | S7: =COUNTIF(H7:R7,"YES") -> 0
B8: 4 | C8: Deniega,Aileen Grace | D8: 1920002 | G8: 🟡 YELLOW | H8: NO | I8: NO | J8: NO | K8: NO | L8: NO | M8: NO | N8: NO | O8: NO | P8: NO | Q8: NO | R8: NO | S8: =COUNTIF(H8:R8,"YES") -> 0
B9: 5 | C9: Facundo,Annalou Pepito | D9: 1928611 | G9: 🟡 YELLOW | H9: NO | I9: NO | J9: NO | K9: NO | L9: NO | M9: NO | N9: NO | O9: NO | P9: NO | Q9: NO | R9: NO | S9: =COUNTIF(H9:R9,"YES") -> 0
B10: 6 | C10: Comporal,Nemesio Jr Manuel | D10: 1957089 | G10: 🟡 YELLOW | H10: NO | I10: NO | J10: NO | K10: NO | L10: NO | M10: NO | N10: NO | O10: NO | P10: NO | Q10: NO | R10: NO | S10: =COUNTIF(H10:R10,"YES") -> 0
B11: 7 | C11: Geloca,Ramses Panimdim | D11: 1957896 | G11: 🟡 YELLOW | H11: NO | I11: NO | J11: NO | K11: NO | L11: NO | M11: NO | N11: NO | O11: NO | P11: NO | Q11: NO | R11: NO | S11: =COUNTIF(H11:R11,"YES") -> 0
B12: 8 | C12: Cabaero,Queen Ann Mondreza | D12: 2109680 | G12: 🟡 YELLOW | H12: NO | I12: NO | J12: NO | K12: NO | L12: NO | M12: NO | N12: NO | O12: NO | P12: NO | Q12: NO | R12: NO | S12: =COUNTIF(H12:R12,"YES") -> 0
B13: 9 | C13: Zabate,Kc Marie Capol | D13: 2147962 | G13: 🟡 YELLOW | H13: NO | I13: NO | J13: NO | K13: NO | L13: NO | M13: NO | N13: NO | O13: NO | P13: NO | Q13: NO | R13: NO | S13: =COUNTIF(H13:R13,"YES") -> 0
B14: 10 | C14: Legania,Leonisa | D14: 900041366 | G14: 🟡 YELLOW | H14: NO | I14: NO | J14: NO | K14: NO | L14: NO | M14: NO | N14: NO | O14: NO | P14: NO | Q14: NO | R14: NO | S14: =COUNTIF(H14:R14,"YES") -> 0
B15: 11 | C15: Guimary,Arabela | D15: 900062090 | G15: 🟡 YELLOW | H15: NO | I15: NO | J15: NO | K15: NO | L15: NO | M15: NO | N15: NO | O15: NO | P15: NO | Q15: NO | R15: NO | S15: =COUNTIF(H15:R15,"YES") -> 0
B16: 12 | C16: Estardo,Ashley Amber | D16: 900062126 | G16: 🟡 YELLOW | H16: NO | I16: NO | J16: NO | K16: NO | L16: NO | M16: NO | N16: NO | O16: NO | P16: NO | Q16: NO | R16: NO | S16: =COUNTIF(H16:R16,"YES") -> 0
... B24: 20 | C24: Gludo,Venice | D24: 900081114 | G24: 🟡 YELLOW | H24: NO | I24: NO | J24: NO | K24: NO | L24: NO | M24: NO | N24: NO | O24: NO | P24: NO | Q24: NO | R24: NO | S24: =COUNTIF(H24:R24,"YES") -> 0

Sheet Jennifer N BurgoS-Rivera
B2: 🔍 EARLY WARNING SIGNS TRACKER — JENNIFER N BURGOS-RIVERA
B4: # | C4: Employee Name | D4: Employee ID | E4: Position | F4: Date Hired | G4: Risk Status | H4: Frequent Tardiness | I4: Increased Absences | J4: Low Productivity | K4: Disengagement in Team Huddles | L4: Job Hunting Signals | M4: Conflicts with Teammates | N4: Decline in QA/NPS Scores | O4: Reduced Initiative | P4: Requesting LOA/Leaves | Q4: Withdrawal from Social Activities | R4: With Active CAP? | S4: Risk Score | T4: Rating (Last 3 Mo.) | U4: TL Notes | V4: Last Updated
B5: 1 | C5: Cruz Rivera,Denisse Cruz | D5: 1419701 | G5: 🟡 YELLOW | H5: NO | I5: NO | J5: NO | K5: NO | L5: NO | M5: NO | N5: NO | O5: NO | P5: NO | Q5: NO | R5: NO | S5: =COUNTIF(H5:R5,"YES") -> 0
B6: 2 | C6: Medina Pol,Paola | D6: 1449004 | G6: 🟡 YELLOW | H6: NO | I6: NO | J6: NO | K6: NO | L6: NO | M6: NO | N6: NO | O6: NO | P6: NO | Q6: NO | R6: NO | S6: =COUNTIF(H6:R6,"YES") -> 0
B7: 3 | C7: Lebron-Gonzalez,Yara Lidmar | D7: 1459170 | G7: 🟡 YELLOW | H7: NO | I7: NO | J7: NO | K7: NO | L7: NO | M7: NO | N7: NO | O7: NO | P7: NO | Q7: NO | R7: NO | S7: =COUNTIF(H7:R7,"YES") -> 0
B8: 4 | C8: Castro,Clarideliz M | D8: 1510874 | G8: 🟡 YELLOW | H8: NO | I8: NO | J8: NO | K8: NO | L8: NO | M8: NO | N8: NO | O8: NO | P8: NO | Q8: NO | R8: NO | S8: =COUNTIF(H8:R8,"YES") -> 0
B9: 5 | C9: Soto Rossi,Thaimara Enid | D9: 1516699 | G9: 🟡 YELLOW | H9: NO | I9: NO | J9: NO | K9: NO | L9: NO | M9: NO | N9: NO | O9: NO | P9: NO | Q9: NO | R9: NO | S9: =COUNTIF(H9:R9,"YES") -> 0
B10: 6 | C10: Brewster Fuentes,Analories | D10: 1517184 | G10: 🟡 YELLOW | H10: NO | I10: NO | J10: NO | K10: NO | L10: NO | M10: NO | N10: NO | O10: NO | P10: NO | Q10: NO | R10: NO | S10: =COUNTIF(H10:R10,"YES") -> 0
B11: 7 | C11: Ortiz Figueroa,Jennifer L | D11: 1520574 | G11: 🟡 YELLOW | H11: NO | I11: NO | J11: NO | K11: NO | L11: NO | M11: NO | N11: NO | O11: NO | P11: NO | Q11: NO | R11: NO | S11: =COUNTIF(H11:R11,"YES") -> 0
B12: 8 | C12: Nieves,Johan Emmanuel | D12: 1523459 | G12: 🟡 YELLOW | H12: NO | I12: NO | J12: NO | K12: NO | L12: NO | M12: NO | N12: NO | O12: NO | P12: NO | Q12: NO | R12: NO | S12: =COUNTIF(H12:R12,"YES") -> 0
B13: 9 | C13: Burgos Ramos,Luis R | D13: 1523496 | G13: 🟡 YELLOW | H13: NO | I13: NO | J13: NO | K13: NO | L13: NO | M13: NO | N13: NO | O13: NO | P13: NO | Q13: NO | R13: NO | S13: =COUNTIF(H13:R13,"YES") -> 0
B14: 10 | C14: Garcia Rivera,Jose Ivan | D14: 1526203 | G14: 🟡 YELLOW | H14: NO | I14: NO | J14: NO | K14: NO | L14: NO | M14: NO | N14: NO | O14: NO | P14: NO | Q14: NO | R14: NO | S14: =COUNTIF(H14:R14,"YES") -> 0
B15: 11 | C15: Carrillo,Ruth N | D15: 1526211 | G15: 🟡 YELLOW | H15: NO | I15: NO | J15: NO | K15: NO | L15: NO | M15: NO | N15: NO | O15: NO | P15: NO | Q15: NO | R15: NO | S15: =COUNTIF(H15:R15,"YES") -> 0
B16: 12 | C16: Ortiz,Paloma M | D16: 1618688 | G16: 🟡 YELLOW | H16: NO | I16: NO | J16: NO | K16: NO | L16: NO | M16: NO | N16: NO | O16: NO | P16: NO | Q16: NO | R16: NO | S16: =COUNTIF(H16:R16,"YES") -> 0
... B18: 14 | C18: Miranda,Joanliz | D18: 1624620 | G18: 🟡 YELLOW | H18: NO | I18: NO | J18: NO | K18: NO | L18: NO | M18: NO | N18: NO | O18: NO | P18: NO | Q18: NO | R18: NO | S18: =COUNTIF(H18:R18,"YES") -> 0

Sheet Jeric Amazona Mansibang
B2: 🔍 EARLY WARNING SIGNS TRACKER — JERIC AMAZONA MANSIBANG
B4: # | C4: Employee Name | D4: Employee ID | E4: Position | F4: Date Hired | G4: Risk Status | H4: Frequent Tardiness | I4: Increased Absences | J4: Low Productivity | K4: Disengagement in Team Huddles | L4: Job Hunting Signals | M4: Conflicts with Teammates | N4: Decline in QA/NPS Scores | O4: Reduced Initiative | P4: Requesting LOA/Leaves | Q4: Withdrawal from Social Activities | R4: With Active CAP? | S4: Risk Score | T4: Rating (Last 3 Mo.) | U4: TL Notes | V4: Last Updated
B5: 1 | C5: Caumeran,Mark Dhaniel | D5: 1087700 | G5: 🟡 YELLOW | H5: NO | I5: NO | J5: NO | K5: NO | L5: NO | M5: NO | N5: NO | O5: NO | P5: NO | Q5: NO | R5: NO | S5: =COUNTIF(H5:R5,"YES") -> 0
B6: 2 | C6: Morales,Chlea | D6: 1460504 | G6: 🟡 YELLOW | H6: NO | I6: NO | J6: NO | K6: NO | L6: NO | M6: NO | N6: NO | O6: NO | P6: NO | Q6: NO | R6: NO | S6: =COUNTIF(H6:R6,"YES") -> 0
B7: 3 | C7: Babatingan,Xiao | D7: 1918905 | G7: 🟡 YELLOW | H7: NO | I7: NO | J7: NO | K7: NO | L7: NO | M7: NO | N7: NO | O7: NO | P7: NO | Q7: NO | R7: NO | S7: =COUNTIF(H7:R7,"YES") -> 0
B8: 4 | C8: Aguilar,Franc Lyn Tubalde | D8: 2119328 | G8: 🟡 YELLOW | H8: NO | I8: NO | J8: NO | K8: NO | L8: NO | M8: NO | N8: NO | O8: NO | P8: NO | Q8: NO | R8: NO | S8: =COUNTIF(H8:R8,"YES") -> 0
B9: 5 | C9: Monteseven,April Labitan | D9: 2119625 | G9: 🟡 YELLOW | H9: NO | I9: NO | J9: NO | K9: NO | L9: NO | M9: NO | N9: NO | O9: NO | P9: NO | Q9: NO | R9: NO | S9: =COUNTIF(H9:R9,"YES") -> 0
B10: 6 | C10: Paquebot,Joseph Darrel Tagimacruz | D10: 2147980 | G10: 🟡 YELLOW | H10: NO | I10: NO | J10: NO | K10: NO | L10: NO | M10: NO | N10: NO | O10: NO | P10: NO | Q10: NO | R10: NO | S10: =COUNTIF(H10:R10,"YES") -> 0
B11: 7 | C11: Mag-Asin,Jake Unabia | D11: 2238202 | G11: 🟡 YELLOW | H11: NO | I11: NO | J11: NO | K11: NO | L11: NO | M11: NO | N11: NO | O11: NO | P11: NO | Q11: NO | R11: NO | S11: =COUNTIF(H11:R11,"YES") -> 0
B12: 8 | C12: Pilapil ,Faith Riane | D12: 900040471 | G12: 🟡 YELLOW | H12: NO | I12: NO | J12: NO | K12: NO | L12: NO | M12: NO | N12: NO | O12: NO | P12: NO | Q12: NO | R12: NO | S12: =COUNTIF(H12:R12,"YES") -> 0
B13: 9 | C13: Bairoy,Dave Alleen Glodove | D13: 900041334 | G13: 🟡 YELLOW | H13: NO | I13: NO | J13: NO | K13: NO | L13: NO | M13: NO | N13: NO | O13: NO | P13: NO | Q13: NO | R13: NO | S13: =COUNTIF(H13:R13,"YES") -> 0
B14: 10 | C14: Rosales,Dale Andrew | D14: 900061441 | G14: 🟡 YELLOW | H14: NO | I14: NO | J14: NO | K14: NO | L14: NO | M14: NO | N14: NO | O14: NO | P14: NO | Q14: NO | R14: NO | S14: =COUNTIF(H14:R14,"YES") -> 0
B15: 11 | C15: Paldo,Lency | D15: 900069888 | G15: 🟡 YELLOW | H15: NO | I15: NO | J15: NO | K15: NO | L15: NO | M15: NO | N15: NO | O15: NO | P15: NO | Q15: NO | R15: NO | S15: =COUNTIF(H15:R15,"YES") -> 0
B16: 12 | C16: Desucatan,Dany Lyn | D16: 900069915 | G16: 🟡 YELLOW | H16: NO | I16: NO | J16: NO | K16: NO | L16: NO | M16: NO | N16: NO | O16: NO | P16: NO | Q16: NO | R16: NO | S16: =COUNTIF(H16:R16,"YES") -> 0
... B22: 18 | C22: Bentulan,Shiela May | D22: 900099358 | G22: 🟡 YELLOW | H22: NO | I22: NO | J22: NO | K22: NO | L22: NO | M22: NO | N22: NO | O22: NO | P22: NO | Q22: NO | R22: NO | S22: =COUNTIF(H22:R22,"YES") -> 0

Sheet John Earl Melitado Lagare
B2: 🔍 EARLY WARNING SIGNS TRACKER — JOHN EARL MELITADO LAGARE
B4: # | C4: Employee Name | D4: Employee ID | E4: Position | F4: Date Hired | G4: Risk Status | H4: Frequent Tardiness | I4: Increased Absences | J4: Low Productivity | K4: Disengagement in Team Huddles | L4: Job Hunting Signals | M4: Conflicts with Teammates | N4: Decline in QA/NPS Scores | O4: Reduced Initiative | P4: Requesting LOA/Leaves | Q4: Withdrawal from Social Activities | R4: With Active CAP? | S4: Risk Score | T4: Rating (Last 3 Mo.) | U4: TL Notes | V4: Last Updated
B5: 1 | C5: Reyes,Ivy Ciara Aquino | D5: 2116397 | G5: 🟡 YELLOW | H5: NO | I5: NO | J5: NO | K5: NO | L5: NO | M5: NO | N5: NO | O5: NO | P5: NO | Q5: NO | R5: NO | S5: =COUNTIF(H5:R5,"YES") -> 0
B6: 2 | C6: Aguilar,Jaen Mikhail Lopez | D6: 2123241 | G6: 🟡 YELLOW | H6: NO | I6: NO | J6: NO | K6: NO | L6: NO | M6: NO | N6: NO | O6: NO | P6: NO | Q6: NO | R6: NO | S6: =COUNTIF(H6:R6,"YES") -> 0
B7: 3 | C7: Basanez,Jeremiah Velez | D7: 2133433 | G7: 🟡 YELLOW | H7: NO | I7: NO | J7: NO | K7: NO | L7: NO | M7: NO | N7: NO | O7: NO | P7: NO | Q7: NO | R7: NO | S7: =COUNTIF(H7:R7,"YES") -> 0
B8: 4 | C8: Mayoralgo,Erik John | D8: 2258009 | G8: 🟡 YELLOW | H8: NO | I8: NO | J8: NO | K8: NO | L8: NO | M8: NO | N8: NO | O8: NO | P8: NO | Q8: NO | R8: NO | S8: =COUNTIF(H8:R8,"YES") -> 0
B9: 5 | C9: Intes,Raffy Rubio | D9: 2258056 | G9: 🟡 YELLOW | H9: NO | I9: NO | J9: NO | K9: NO | L9: NO | M9: NO | N9: NO | O9: NO | P9: NO | Q9: NO | R9: NO | S9: =COUNTIF(H9:R9,"YES") -> 0
B10: 6 | C10: Aniceto,Ronald Gapud | D10: 900027364 | G10: 🟡 YELLOW | H10: NO | I10: NO | J10: NO | K10: NO | L10: NO | M10: NO | N10: NO | O10: NO | P10: NO | Q10: NO | R10: NO | S10: =COUNTIF(H10:R10,"YES") -> 0
B11: 7 | C11: Buena,Jennica Joy Credo | D11: 900031844 | G11: 🟡 YELLOW | H11: NO | I11: NO | J11: NO | K11: NO | L11: NO | M11: NO | N11: NO | O11: NO | P11: NO | Q11: NO | R11: NO | S11: =COUNTIF(H11:R11,"YES") -> 0
B12: 8 | C12: Ruiz,Kelly Anne Ramos | D12: 900031884 | G12: 🟡 YELLOW | H12: NO | I12: NO | J12: NO | K12: NO | L12: NO | M12: NO | N12: NO | O12: NO | P12: NO | Q12: NO | R12: NO | S12: =COUNTIF(H12:R12,"YES") -> 0
B13: 9 | C13: Frayres,Joveleen Frades | D13: 900035891 | G13: 🟡 YELLOW | H13: NO | I13: NO | J13: NO | K13: NO | L13: NO | M13: NO | N13: NO | O13: NO | P13: NO | Q13: NO | R13: NO | S13: =COUNTIF(H13:R13,"YES") -> 0
B14: 10 | C14: Tan,Joshua Nicolai Milleza | D14: 900038282 | G14: 🟡 YELLOW | H14: NO | I14: NO | J14: NO | K14: NO | L14: NO | M14: NO | N14: NO | O14: NO | P14: NO | Q14: NO | R14: NO | S14: =COUNTIF(H14:R14,"YES") -> 0
B15: 11 | C15: Jetonso,John Christian | D15: 900061493 | G15: 🟡 YELLOW | H15: NO | I15: NO | J15: NO | K15: NO | L15: NO | M15: NO | N15: NO | O15: NO | P15: NO | Q15: NO | R15: NO | S15: =COUNTIF(H15:R15,"YES") -> 0
B16: 12 | C16: Fuentes,Maria Amor | D16: 900061952 | G16: 🟡 YELLOW | H16: NO | I16: NO | J16: NO | K16: NO | L16: NO | M16: NO | N16: NO | O16: NO | P16: NO | Q16: NO | R16: NO | S16: =COUNTIF(H16:R16,"YES") -> 0
... B20: 16 | C20: Frianeza,Jaira Anne | D20: 900108895 | G20: 🟡 YELLOW | H20: NO | I20: NO | J20: NO | K20: NO | L20: NO | M20: NO | N20: NO | O20: NO | P20: NO | Q20: NO | R20: NO | S20: =COUNTIF(H20:R20,"YES") -> 0

Sheet Johnny Rey Diaz Bonocan
B2: 🔍 EARLY WARNING SIGNS TRACKER — JOHNNY REY DIAZ BONOCAN
B4: # | C4: Employee Name | D4: Employee ID | E4: Position | F4: Date Hired | G4: Risk Status | H4: Frequent Tardiness | I4: Increased Absences | J4: Low Productivity | K4: Disengagement in Team Huddles | L4: Job Hunting Signals | M4: Conflicts with Teammates | N4: Decline in QA/NPS Scores | O4: Reduced Initiative | P4: Requesting LOA/Leaves | Q4: Withdrawal from Social Activities | R4: With Active CAP? | S4: Risk Score | T4: Rating (Last 3 Mo.) | U4: TL Notes | V4: Last Updated
B5: 1 | C5: Millano Jr,Uldarico Nazareno | D5: 1089038 | G5: 🟡 YELLOW | H5: NO | I5: NO | J5: NO | K5: NO | L5: NO | M5: NO | N5: NO | O5: NO | P5: NO | Q5: NO | R5: NO | S5: =COUNTIF(H5:R5,"YES") -> 0
B6: 2 | C6: Legada,Rennjan Basiliano | D6: 1381979 | G6: 🟡 YELLOW | H6: NO | I6: NO | J6: NO | K6: NO | L6: NO | M6: NO | N6: NO | O6: NO | P6: NO | Q6: NO | R6: NO | S6: =COUNTIF(H6:R6,"YES") -> 0
B7: 3 | C7: Ticuala,Geraldine Damolkis | D7: 1390507 | G7: 🟡 YELLOW | H7: NO | I7: NO | J7: NO | K7: NO | L7: NO | M7: NO | N7: NO | O7: NO | P7: NO | Q7: NO | R7: NO | S7: =COUNTIF(H7:R7,"YES") -> 0
B8: 4 | C8: Villanueva,Janshen Leyda Dacanay | D8: 1523534 | G8: 🟡 YELLOW | H8: NO | I8: NO | J8: NO | K8: NO | L8: NO | M8: NO | N8: NO | O8: NO | P8: NO | Q8: NO | R8: NO | S8: =COUNTIF(H8:R8,"YES") -> 0
B9: 5 | C9: Libiran,Marites Mabuting | D9: 1625328 | G9: 🟡 YELLOW | H9: NO | I9: NO | J9: NO | K9: NO | L9: NO | M9: NO | N9: NO | O9: NO | P9: NO | Q9: NO | R9: NO | S9: =COUNTIF(H9:R9,"YES") -> 0
B10: 6 | C10: Oran,Mark Jayson Lucino | D10: 1933799 | G10: 🟡 YELLOW | H10: NO | I10: NO | J10: NO | K10: NO | L10: NO | M10: NO | N10: NO | O10: NO | P10: NO | Q10: NO | R10: NO | S10: =COUNTIF(H10:R10,"YES") -> 0
B11: 7 | C11: Silva,Maclin Tiamzon | D11: 1939156 | G11: 🟡 YELLOW | H11: NO | I11: NO | J11: NO | K11: NO | L11: NO | M11: NO | N11: NO | O11: NO | P11: NO | Q11: NO | R11: NO | S11: =COUNTIF(H11:R11,"YES") -> 0
B12: 8 | C12: Calinga,Jo An Dungog | D12: 2133848 | G12: 🟡 YELLOW | H12: NO | I12: NO | J12: NO | K12: NO | L12: NO | M12: NO | N12: NO | O12: NO | P12: NO | Q12: NO | R12: NO | S12: =COUNTIF(H12:R12,"YES") -> 0
B13: 9 | C13: Almodiel,John Christian Cataluñ | D13: 2243233 | G13: 🟡 YELLOW | H13: NO | I13: NO | J13: NO | K13: NO | L13: NO | M13: NO | N13: NO | O13: NO | P13: NO | Q13: NO | R13: NO | S13: =COUNTIF(H13:R13,"YES") -> 0
B14: 10 | C14: Delacruz,Jacques Mikhail Obstaculo | D14: 2244760 | G14: 🟡 YELLOW | H14: NO | I14: NO | J14: NO | K14: NO | L14: NO | M14: NO | N14: NO | O14: NO | P14: NO | Q14: NO | R14: NO | S14: =COUNTIF(H14:R14,"YES") -> 0
B15: 11 | C15: Linaza,Kimmy Jane Evangelio | D15: 2250925 | G15: 🟡 YELLOW | H15: NO | I15: NO | J15: NO | K15: NO | L15: NO | M15: NO | N15: NO | O15: NO | P15: NO | Q15: NO | R15: NO | S15: =COUNTIF(H15:R15,"YES") -> 0
B16: 12 | C16: Alberto,Remy Rose Romanillos | D16: 2251675 | G16: 🟡 YELLOW | H16: NO | I16: NO | J16: NO | K16: NO | L16: NO | M16: NO | N16: NO | O16: NO | P16: NO | Q16: NO | R16: NO | S16: =COUNTIF(H16:R16,"YES") -> 0
... B20: 16 | C20: Halagna,Divine Grace Guangco | D20: 900027247 | G20: 🟡 YELLOW | H20: NO | I20: NO | J20: NO | K20: NO | L20: NO | M20: NO | N20: NO | O20: NO | P20: NO | Q20: NO | R20: NO | S20: =COUNTIF(H20:R20,"YES") -> 0

Sheet Joseph Andrew Cera Ballesteros
B2: 🔍 EARLY WARNING SIGNS TRACKER — JOSEPH ANDREW CERA BALLESTEROS
B4: # | C4: Employee Name | D4: Employee ID | E4: Position | F4: Date Hired | G4: Risk Status | H4: Frequent Tardiness | I4: Increased Absences | J4: Low Productivity | K4: Disengagement in Team Huddles | L4: Job Hunting Signals | M4: Conflicts with Teammates | N4: Decline in QA/NPS Scores | O4: Reduced Initiative | P4: Requesting LOA/Leaves | Q4: Withdrawal from Social Activities | R4: With Active CAP? | S4: Risk Score | T4: Rating (Last 3 Mo.) | U4: TL Notes | V4: Last Updated
B5: 1 | C5: Capito,Marydeth Judith Donayre | D5: 1090151 | G5: 🟡 YELLOW | H5: NO | I5: NO | J5: NO | K5: NO | L5: NO | M5: NO | N5: NO | O5: NO | P5: NO | Q5: NO | R5: NO | S5: =COUNTIF(H5:R5,"YES") -> 0
B6: 2 | C6: Jadol,Cyrus Mejos | D6: 1183726 | G6: 🟡 YELLOW | H6: NO | I6: NO | J6: NO | K6: NO | L6: NO | M6: NO | N6: NO | O6: NO | P6: NO | Q6: NO | R6: NO | S6: =COUNTIF(H6:R6,"YES") -> 0
B7: 3 | C7: Navales,Venus Salinas | D7: 1227617 | G7: 🟡 YELLOW | H7: NO | I7: NO | J7: NO | K7: NO | L7: NO | M7: NO | N7: NO | O7: NO | P7: NO | Q7: NO | R7: NO | S7: =COUNTIF(H7:R7,"YES") -> 0
B8: 4 | C8: Alegre,Gretchen Hazel Senit | D8: 1300294 | G8: 🟡 YELLOW | H8: NO | I8: NO | J8: NO | K8: NO | L8: NO | M8: NO | N8: NO | O8: NO | P8: NO | Q8: NO | R8: NO | S8: =COUNTIF(H8:R8,"YES") -> 0
B9: 5 | C9: Sidra,Mark Josef Ando | D9: 1735451 | G9: 🟡 YELLOW | H9: NO | I9: NO | J9: NO | K9: NO | L9: NO | M9: NO | N9: NO | O9: NO | P9: NO | Q9: NO | R9: NO | S9: =COUNTIF(H9:R9,"YES") -> 0
B10: 6 | C10: Daguil,John Kevin Otadora | D10: 1743058 | G10: 🟡 YELLOW | H10: NO | I10: NO | J10: NO | K10: NO | L10: NO | M10: NO | N10: NO | O10: NO | P10: NO | Q10: NO | R10: NO | S10: =COUNTIF(H10:R10,"YES") -> 0
B11: 7 | C11: Dando,Philip Plania | D11: 1910668 | G11: 🟡 YELLOW | H11: NO | I11: NO | J11: NO | K11: NO | L11: NO | M11: NO | N11: NO | O11: NO | P11: NO | Q11: NO | R11: NO | S11: =COUNTIF(H11:R11,"YES") -> 0
B12: 8 | C12: Tac Al,Kristal Jane Avila | D12: 1913648 | G12: 🟡 YELLOW | H12: NO | I12: NO | J12: NO | K12: NO | L12: NO | M12: NO | N12: NO | O12: NO | P12: NO | Q12: NO | R12: NO | S12: =COUNTIF(H12:R12,"YES") -> 0
B13: 9 | C13: Vallejo,Annabelle Abenasa | D13: 1926537 | G13: 🟡 YELLOW | H13: NO | I13: NO | J13: NO | K13: NO | L13: NO | M13: NO | N13: NO | O13: NO | P13: NO | Q13: NO | R13: NO | S13: =COUNTIF(H13:R13,"YES") -> 0
B14: 10 | C14: Escarlan,Aljon Labahata | D14: 1930710 | G14: 🟡 YELLOW | H14: NO | I14: NO | J14: NO | K14: NO | L14: NO | M14: NO | N14: NO | O14: NO | P14: NO | Q14: NO | R14: NO | S14: =COUNTIF(H14:R14,"YES") -> 0
B15: 11 | C15: Olivar,Kristine Joyce Ilustrisimo | D15: 1944481 | G15: 🟡 YELLOW | H15: NO | I15: NO | J15: NO | K15: NO | L15: NO | M15: NO | N15: NO | O15: NO | P15: NO | Q15: NO | R15: NO | S15: =COUNTIF(H15:R15,"YES") -> 0
B16: 12 | C16: Panganiban,Lorenzo Miguel Enore | D16: 1958944 | G16: 🟡 YELLOW | H16: NO | I16: NO | J16: NO | K16: NO | L16: NO | M16: NO | N16: NO | O16: NO | P16: NO | Q16: NO | R16: NO | S16: =COUNTIF(H16:R16,"YES") -> 0
... B19: 15 | C19: Gatchalian,Ernie Marie Caburian | D19: 2133442 | G19: 🟡 YELLOW | H19: NO | I19: NO | J19: NO | K19: NO | L19: NO | M19: NO | N19: NO | O19: NO | P19: NO | Q19: NO | R19: NO | S19: =COUNTIF(H19:R19,"YES") -> 0

Sheet Kathrina Mae Suycano Silangan
B2: 🔍 EARLY WARNING SIGNS TRACKER — KATHRINA MAE SUYCANO SILANGAN
B4: # | C4: Employee Name | D4: Employee ID | E4: Position | F4: Date Hired | G4: Risk Status | H4: Frequent Tardiness | I4: Increased Absences | J4: Low Productivity | K4: Disengagement in Team Huddles | L4: Job Hunting Signals | M4: Conflicts with Teammates | N4: Decline in QA/NPS Scores | O4: Reduced Initiative | P4: Requesting LOA/Leaves | Q4: Withdrawal from Social Activities | R4: With Active CAP? | S4: Risk Score | T4: Rating (Last 3 Mo.) | U4: TL Notes | V4: Last Updated
B5: 1 | C5: Sibucao,Rebecca Baldado | D5: 1256445 | G5: 🟡 YELLOW | H5: NO | I5: NO | J5: NO | K5: NO | L5: NO | M5: NO | N5: NO | O5: NO | P5: NO | Q5: NO | R5: NO | S5: =COUNTIF(H5:R5,"YES") -> 0
B6: 2 | C6: Gallener,Maria Thalia Alban | D6: 1965488 | G6: 🟡 YELLOW | H6: NO | I6: NO | J6: NO | K6: NO | L6: NO | M6: NO | N6: NO | O6: NO | P6: NO | Q6: NO | R6: NO | S6: =COUNTIF(H6:R6,"YES") -> 0
B7: 3 | C7: Arioja,Ava Christine Caneba | D7: 2125310 | G7: 🟡 YELLOW | H7: NO | I7: NO | J7: NO | K7: NO | L7: NO | M7: NO | N7: NO | O7: NO | P7: NO | Q7: NO | R7: NO | S7: =COUNTIF(H7:R7,"YES") -> 0
B8: 4 | C8: Quijano,Tirs Jolebelle Lamberte | D8: 2125318 | G8: 🟡 YELLOW | H8: NO | I8: NO | J8: NO | K8: NO | L8: NO | M8: NO | N8: NO | O8: NO | P8: NO | Q8: NO | R8: NO | S8: =COUNTIF(H8:R8,"YES") -> 0
B9: 5 | C9: Cabreros,Jhanen Quinio | D9: 2125879 | G9: 🟡 YELLOW | H9: NO | I9: NO | J9: NO | K9: NO | L9: NO | M9: NO | N9: NO | O9: NO | P9: NO | Q9: NO | R9: NO | S9: =COUNTIF(H9:R9,"YES") -> 0
B10: 6 | C10: Guanes,Donna Anne Anasco | D10: 2125929 | G10: 🟡 YELLOW | H10: NO | I10: NO | J10: NO | K10: NO | L10: NO | M10: NO | N10: NO | O10: NO | P10: NO | Q10: NO | R10: NO | S10: =COUNTIF(H10:R10,"YES") -> 0
B11: 7 | C11: Rota,Mary Lyka Dela Cruz | D11: 2148941 | G11: 🟡 YELLOW | H11: NO | I11: NO | J11: NO | K11: NO | L11: NO | M11: NO | N11: NO | O11: NO | P11: NO | Q11: NO | R11: NO | S11: =COUNTIF(H11:R11,"YES") -> 0
B12: 8 | C12: Mansueto,Mark Anthony Titong | D12: 2233020 | G12: 🟡 YELLOW | H12: NO | I12: NO | J12: NO | K12: NO | L12: NO | M12: NO | N12: NO | O12: NO | P12: NO | Q12: NO | R12: NO | S12: =COUNTIF(H12:R12,"YES") -> 0
B13: 9 | C13: Cenerpida,Eliza Joe Lumayag | D13: 2235972 | G13: 🟡 YELLOW | H13: NO | I13: NO | J13: NO | K13: NO | L13: NO | M13: NO | N13: NO | O13: NO | P13: NO | Q13: NO | R13: NO | S13: =COUNTIF(H13:R13,"YES") -> 0
B14: 10 | C14: Genita,Alliah Jean | D14: 900069983 | G14: 🟡 YELLOW | H14: NO | I14: NO | J14: NO | K14: NO | L14: NO | M14: NO | N14: NO | O14: NO | P14: NO | Q14: NO | R14: NO | S14: =COUNTIF(H14:R14,"YES") -> 0
B15: 11 | C15: Sy,John Carlo | D15: 900070015 | G15: 🟡 YELLOW | H15: NO | I15: NO | J15: NO | K15: NO | L15: NO | M15: NO | N15: NO | O15: NO | P15: NO | Q15: NO | R15: NO | S15: =COUNTIF(H15:R15,"YES") -> 0
B16: 12 | C16: Aballe,Mikaila | D16: 900071468 | G16: 🟡 YELLOW | H16: NO | I16: NO | J16: NO | K16: NO | L16: NO | M16: NO | N16: NO | O16: NO | P16: NO | Q16: NO | R16: NO | S16: =COUNTIF(H16:R16,"YES") -> 0
... B25: 21 | C25: Cujardo,Jack Rovien | D25: 900125111 | G25: 🟡 YELLOW | H25: NO | I25: NO | J25: NO | K25: NO | L25: NO | M25: NO | N25: NO | O25: NO | P25: NO | Q25: NO | R25: NO | S25: =COUNTIF(H25:R25,"YES") -> 0

Sheet Khyno Elimanco Cortez
B2: 🔍 EARLY WARNING SIGNS TRACKER — KHYNO ELIMANCO CORTEZ
B4: # | C4: Employee Name | D4: Employee ID | E4: Position | F4: Date Hired | G4: Risk Status | H4: Frequent Tardiness | I4: Increased Absences | J4: Low Productivity | K4: Disengagement in Team Huddles | L4: Job Hunting Signals | M4: Conflicts with Teammates | N4: Decline in QA/NPS Scores | O4: Reduced Initiative | P4: Requesting LOA/Leaves | Q4: Withdrawal from Social Activities | R4: With Active CAP? | S4: Risk Score | T4: Rating (Last 3 Mo.) | U4: TL Notes | V4: Last Updated
B5: 1 | C5: Macalos,Mae Ann Guita | D5: 1300633 | G5: 🟡 YELLOW | H5: NO | I5: NO | J5: NO | K5: NO | L5: NO | M5: NO | N5: NO | O5: NO | P5: NO | Q5: NO | R5: NO | S5: =COUNTIF(H5:R5,"YES") -> 0
B6: 2 | C6: Archival,Christine Gabasa | D6: 1522573 | G6: 🟡 YELLOW | H6: NO | I6: NO | J6: NO | K6: NO | L6: NO | M6: NO | N6: NO | O6: NO | P6: NO | Q6: NO | R6: NO | S6: =COUNTIF(H6:R6,"YES") -> 0
B7: 3 | C7: Matias,Alberto Lasola | D7: 1922524 | G7: 🟡 YELLOW | H7: NO | I7: NO | J7: NO | K7: NO | L7: NO | M7: NO | N7: NO | O7: NO | P7: NO | Q7: NO | R7: NO | S7: =COUNTIF(H7:R7,"YES") -> 0
B8: 4 | C8: Relon,Gazel De Guzman | D8: 2122650 | G8: 🟡 YELLOW | H8: NO | I8: NO | J8: NO | K8: NO | L8: NO | M8: NO | N8: NO | O8: NO | P8: NO | Q8: NO | R8: NO | S8: =COUNTIF(H8:R8,"YES") -> 0
B9: 5 | C9: Labro,Dester Alei Bandojo | D9: 2133443 | G9: 🟡 YELLOW | H9: NO | I9: NO | J9: NO | K9: NO | L9: NO | M9: NO | N9: NO | O9: NO | P9: NO | Q9: NO | R9: NO | S9: =COUNTIF(H9:R9,"YES") -> 0
B10: 6 | C10: Cataluna,Casciusclay Gigawin | D10: 2258010 | G10: 🟡 YELLOW | H10: NO | I10: NO | J10: NO | K10: NO | L10: NO | M10: NO | N10: NO | O10: NO | P10: NO | Q10: NO | R10: NO | S10: =COUNTIF(H10:R10,"YES") -> 0
B11: 7 | C11: Abantao,Julius Queno | D11: 2258045 | G11: 🟡 YELLOW | H11: NO | I11: NO | J11: NO | K11: NO | L11: NO | M11: NO | N11: NO | O11: NO | P11: NO | Q11: NO | R11: NO | S11: =COUNTIF(H11:R11,"YES") -> 0
B12: 8 | C12: Alva,Daphnie Joy Ferrer | D12: 2258531 | G12: 🟡 YELLOW | H12: NO | I12: NO | J12: NO | K12: NO | L12: NO | M12: NO | N12: NO | O12: NO | P12: NO | Q12: NO | R12: NO | S12: =COUNTIF(H12:R12,"YES") -> 0
B13: 9 | C13: Jamoos,Anisah Syquimsiam | D13: 2259996 | G13: 🟡 YELLOW | H13: NO | I13: NO | J13: NO | K13: NO | L13: NO | M13: NO | N13: NO | O13: NO | P13: NO | Q13: NO | R13: NO | S13: =COUNTIF(H13:R13,"YES") -> 0
B14: 10 | C14: Zulueta,Juan Miguel Golpirica | D14: 2260126 | G14: 🟡 YELLOW | H14: NO | I14: NO | J14: NO | K14: NO | L14: NO | M14: NO | N14: NO | O14: NO | P14: NO | Q14: NO | R14: NO | S14: =COUNTIF(H14:R14,"YES") -> 0
B15: 11 | C15: Cubillas,Chenne Biazon | D15: 2260189 | G15: 🟡 YELLOW | H15: NO | I15: NO | J15: NO | K15: NO | L15: NO | M15: NO | N15: NO | O15: NO | P15: NO | Q15: NO | R15: NO | S15: =COUNTIF(H15:R15,"YES") -> 0
B16: 12 | C16: Torlao,Maria Rowena | D16: 2260209 | G16: 🟡 YELLOW | H16: NO | I16: NO | J16: NO | K16: NO | L16: NO | M16: NO | N16: NO | O16: NO | P16: NO | Q16: NO | R16: NO | S16: =COUNTIF(H16:R16,"YES") -> 0
... B23: 19 | C23: Gutierrez,Eloisa Mae | D23: 900091887 | G23: 🟡 YELLOW | H23: NO | I23: NO | J23: NO | K23: NO | L23: NO | M23: NO | N23: NO | O23: NO | P23: NO | Q23: NO | R23: NO | S23: =COUNTIF(H23:R23,"YES") -> 0

Sheet Kristel Angelica Valerio
B2: 🔍 EARLY WARNING SIGNS TRACKER — KRISTEL ANGELICA VALERIO
B4: # | C4: Employee Name | D4: Employee ID | E4: Position | F4: Date Hired | G4: Risk Status | H4: Frequent Tardiness | I4: Increased Absences | J4: Low Productivity | K4: Disengagement in Team Huddles | L4: Job Hunting Signals | M4: Conflicts with Teammates | N4: Decline in QA/NPS Scores | O4: Reduced Initiative | P4: Requesting LOA/Leaves | Q4: Withdrawal from Social Activities | R4: With Active CAP? | S4: Risk Score | T4: Rating (Last 3 Mo.) | U4: TL Notes | V4: Last Updated
B5: 1 | C5: Mariano,Maria Bernadette Policarpio | D5: 1035894 | G5: 🟡 YELLOW | H5: NO | I5: NO | J5: NO | K5: NO | L5: NO | M5: NO | N5: NO | O5: NO | P5: NO | Q5: NO | R5: NO | S5: =COUNTIF(H5:R5,"YES") -> 0
B6: 2 | C6: Tenio,Crispina Villanueva | D6: 1172236 | G6: 🟡 YELLOW | H6: NO | I6: NO | J6: NO | K6: NO | L6: NO | M6: NO | N6: NO | O6: NO | P6: NO | Q6: NO | R6: NO | S6: =COUNTIF(H6:R6,"YES") -> 0
B7: 3 | C7: Hadjerel,Shalimar Aira | D7: 1920081 | G7: 🟡 YELLOW | H7: NO | I7: NO | J7: NO | K7: NO | L7: NO | M7: NO | N7: NO | O7: NO | P7: NO | Q7: NO | R7: NO | S7: =COUNTIF(H7:R7,"YES") -> 0
B8: 4 | C8: Albes,Jack Lloyd Enano | D8: 2160740 | G8: 🟡 YELLOW | H8: NO | I8: NO | J8: NO | K8: NO | L8: NO | M8: NO | N8: NO | O8: NO | P8: NO | Q8: NO | R8: NO | S8: =COUNTIF(H8:R8,"YES") -> 0
B9: 5 | C9: Lumalang,Nadine May Guevarra | D9: 2260206 | G9: 🟡 YELLOW | H9: NO | I9: NO | J9: NO | K9: NO | L9: NO | M9: NO | N9: NO | O9: NO | P9: NO | Q9: NO | R9: NO | S9: =COUNTIF(H9:R9,"YES") -> 0
B10: 6 | C10: Ganalongo,Maressa | D10: 900065185 | G10: 🟡 YELLOW | H10: NO | I10: NO | J10: NO | K10: NO | L10: NO | M10: NO | N10: NO | O10: NO | P10: NO | Q10: NO | R10: NO | S10: =COUNTIF(H10:R10,"YES") -> 0
B11: 7 | C11: Nituda,John Lord | D11: 900068383 | G11: 🟡 YELLOW | H11: NO | I11: NO | J11: NO | K11: NO | L11: NO | M11: NO | N11: NO | O11: NO | P11: NO | Q11: NO | R11: NO | S11: =COUNTIF(H11:R11,"YES") -> 0
B12: 8 | C12: Anisco,Angel Jezzamine | D12: 900087929 | G12: 🟡 YELLOW | H12: NO | I12: NO | J12: NO | K12: NO | L12: NO | M12: NO | N12: NO | O12: NO | P12: NO | Q12: NO | R12: NO | S12: =COUNTIF(H12:R12,"YES") -> 0
B13: 9 | C13: Descalso,Regine | D13: 900088012 | G13: 🟡 YELLOW | H13: NO | I13: NO | J13: NO | K13: NO | L13: NO | M13: NO | N13: NO | O13: NO | P13: NO | Q13: NO | R13: NO | S13: =COUNTIF(H13:R13,"YES") -> 0
B14: 10 | C14: Sotto,Jecca Anne | D14: 900108923 | G14: 🟡 YELLOW | H14: NO | I14: NO | J14: NO | K14: NO | L14: NO | M14: NO | N14: NO | O14: NO | P14: NO | Q14: NO | R14: NO | S14: =COUNTIF(H14:R14,"YES") -> 0
B15: 11 | C15: Medida,Howard | D15: 900110655 | G15: 🟡 YELLOW | H15: NO | I15: NO | J15: NO | K15: NO | L15: NO | M15: NO | N15: NO | O15: NO | P15: NO | Q15: NO | R15: NO | S15: =COUNTIF(H15:R15,"YES") -> 0

Sheet Lea Ibag Fernandez
B2: 🔍 EARLY WARNING SIGNS TRACKER — LEA IBAG FERNANDEZ
B4: # | C4: Employee Name | D4: Employee ID | E4: Position | F4: Date Hired | G4: Risk Status | H4: Frequent Tardiness | I4: Increased Absences | J4: Low Productivity | K4: Disengagement in Team Huddles | L4: Job Hunting Signals | M4: Conflicts with Teammates | N4: Decline in QA/NPS Scores | O4: Reduced Initiative | P4: Requesting LOA/Leaves | Q4: Withdrawal from Social Activities | R4: With Active CAP? | S4: Risk Score | T4: Rating (Last 3 Mo.) | U4: TL Notes | V4: Last Updated
B5: 1 | C5: Brigoli,Charisse Mae De La Cruz | D5: 1172374 | G5: 🟡 YELLOW | H5: NO | I5: NO | J5: NO | K5: NO | L5: NO | M5: NO | N5: NO | O5: NO | P5: NO | Q5: NO | R5: NO | S5: =COUNTIF(H5:R5,"YES") -> 0
B6: 2 | C6: Tocmo,Reina Jae Llude Muring | D6: 1300647 | G6: 🟡 YELLOW | H6: NO | I6: NO | J6: NO | K6: NO | L6: NO | M6: NO | N6: NO | O6: NO | P6: NO | Q6: NO | R6: NO | S6: =COUNTIF(H6:R6,"YES") -> 0
B7: 3 | C7: Zamora,Joanna Marie Poncardas | D7: 1405057 | G7: 🟡 YELLOW | H7: NO | I7: NO | J7: NO | K7: NO | L7: NO | M7: NO | N7: NO | O7: NO | P7: NO | Q7: NO | R7: NO | S7: =COUNTIF(H7:R7,"YES") -> 0
B8: 4 | C8: Rellona,Rosemarie Abejuela | D8: 1517351 | G8: 🟡 YELLOW | H8: NO | I8: NO | J8: NO | K8: NO | L8: NO | M8: NO | N8: NO | O8: NO | P8: NO | Q8: NO | R8: NO | S8: =COUNTIF(H8:R8,"YES") -> 0
B9: 5 | C9: Vergara,Mary Crystal Quirante | D9: 1610140 | G9: 🟡 YELLOW | H9: NO | I9: NO | J9: NO | K9: NO | L9: NO | M9: NO | N9: NO | O9: NO | P9: NO | Q9: NO | R9: NO | S9: =COUNTIF(H9:R9,"YES") -> 0
B10: 6 | C10: Catubig,Cyris Marie Regidor | D10: 1623038 | G10: 🟡 YELLOW | H10: NO | I10: NO | J10: NO | K10: NO | L10: NO | M10: NO | N10: NO | O10: NO | P10: NO | Q10: NO | R10: NO | S10: =COUNTIF(H10:R10,"YES") -> 0
B11: 7 | C11: Cahokson,Lady Flor Bargamento | D11: 1676434 | G11: 🟡 YELLOW | H11: NO | I11: NO | J11: NO | K11: NO | L11: NO | M11: NO | N11: NO | O11: NO | P11: NO | Q11: NO | R11: NO | S11: =COUNTIF(H11:R11,"YES") -> 0
B12: 8 | C12: Sulinay,Michelle Bajilar | D12: 1748627 | G12: 🟡 YELLOW | H12: NO | I12: NO | J12: NO | K12: NO | L12: NO | M12: NO | N12: NO | O12: NO | P12: NO | Q12: NO | R12: NO | S12: =COUNTIF(H12:R12,"YES") -> 0
B13: 9 | C13: Cariquitan,Jennifer Rivera | D13: 1919795 | G13: 🟡 YELLOW | H13: NO | I13: NO | J13: NO | K13: NO | L13: NO | M13: NO | N13: NO | O13: NO | P13: NO | Q13: NO | R13: NO | S13: =COUNTIF(H13:R13,"YES") -> 0
B14: 10 | C14: Vega,Mark Anthony Ardiente | D14: 1920223 | G14: 🟡 YELLOW | H14: NO | I14: NO | J14: NO | K14: NO | L14: NO | M14: NO | N14: NO | O14: NO | P14: NO | Q14: NO | R14: NO | S14: =COUNTIF(H14:R14,"YES") -> 0
B15: 11 | C15: Candelanza,Janeth Placido | D15: 1957874 | G15: 🟡 YELLOW | H15: NO | I15: NO | J15: NO | K15: NO | L15: NO | M15: NO | N15: NO | O15: NO | P15: NO | Q15: NO | R15: NO | S15: =COUNTIF(H15:R15,"YES") -> 0
B16: 12 | C16: Sasing,Stella Maris | D16: 1958201 | G16: 🟡 YELLOW | H16: NO | I16: NO | J16: NO | K16: NO | L16: NO | M16: NO | N16: NO | O16: NO | P16: NO | Q16: NO | R16: NO | S16: =COUNTIF(H16:R16,"YES") -> 0
... B24: 20 | C24: Lanza,Erika | D24: 900070003 | G24: 🟡 YELLOW | H24: NO | I24: NO | J24: NO | K24: NO | L24: NO | M24: NO | N24: NO | O24: NO | P24: NO | Q24: NO | R24: NO | S24: =COUNTIF(H24:R24,"YES") -> 0

Sheet Leah Bernadette Lavalle Bringas
B2: 🔍 EARLY WARNING SIGNS TRACKER — LEAH BERNADETTE LAVALLE BRINGAS
B4: # | C4: Employee Name | D4: Employee ID | E4: Position | F4: Date Hired | G4: Risk Status | H4: Frequent Tardiness | I4: Increased Absences | J4: Low Productivity | K4: Disengagement in Team Huddles | L4: Job Hunting Signals | M4: Conflicts with Teammates | N4: Decline in QA/NPS Scores | O4: Reduced Initiative | P4: Requesting LOA/Leaves | Q4: Withdrawal from Social Activities | R4: With Active CAP? | S4: Risk Score | T4: Rating (Last 3 Mo.) | U4: TL Notes | V4: Last Updated
B5: 1 | C5: Balinong,Vennesa Lachica | D5: 1928595 | G5: 🟡 YELLOW | H5: NO | I5: NO | J5: NO | K5: NO | L5: NO | M5: NO | N5: NO | O5: NO | P5: NO | Q5: NO | R5: NO | S5: =COUNTIF(H5:R5,"YES") -> 0
B6: 2 | C6: Pacena,Alberto Rivera | D6: 1928630 | G6: 🟡 YELLOW | H6: NO | I6: NO | J6: NO | K6: NO | L6: NO | M6: NO | N6: NO | O6: NO | P6: NO | Q6: NO | R6: NO | S6: =COUNTIF(H6:R6,"YES") -> 0
B7: 3 | C7: Castro,Maricris Eunice Fernandez | D7: 1929560 | G7: 🟡 YELLOW | H7: NO | I7: NO | J7: NO | K7: NO | L7: NO | M7: NO | N7: NO | O7: NO | P7: NO | Q7: NO | R7: NO | S7: =COUNTIF(H7:R7,"YES") -> 0
B8: 4 | C8: Barber,Jovielyn Parulan | D8: 1929580 | G8: 🟡 YELLOW | H8: NO | I8: NO | J8: NO | K8: NO | L8: NO | M8: NO | N8: NO | O8: NO | P8: NO | Q8: NO | R8: NO | S8: =COUNTIF(H8:R8,"YES") -> 0
B9: 5 | C9: Catubigan,Carmelita Cageta | D9: 1959866 | G9: 🟡 YELLOW | H9: NO | I9: NO | J9: NO | K9: NO | L9: NO | M9: NO | N9: NO | O9: NO | P9: NO | Q9: NO | R9: NO | S9: =COUNTIF(H9:R9,"YES") -> 0
B10: 6 | C10: Camua,Elijah Roi Enriquez | D10: 1959872 | G10: 🟡 YELLOW | H10: NO | I10: NO | J10: NO | K10: NO | L10: NO | M10: NO | N10: NO | O10: NO | P10: NO | Q10: NO | R10: NO | S10: =COUNTIF(H10:R10,"YES") -> 0
B11: 7 | C11: Padua,Lanie Lentija | D11: 2122475 | G11: 🟡 YELLOW | H11: NO | I11: NO | J11: NO | K11: NO | L11: NO | M11: NO | N11: NO | O11: NO | P11: NO | Q11: NO | R11: NO | S11: =COUNTIF(H11:R11,"YES") -> 0
B12: 8 | C12: Bogayao,Anjie Valzado | D12: 2133438 | G12: 🟡 YELLOW | H12: NO | I12: NO | J12: NO | K12: NO | L12: NO | M12: NO | N12: NO | O12: NO | P12: NO | Q12: NO | R12: NO | S12: =COUNTIF(H12:R12,"YES") -> 0
B13: 9 | C13: Meteoro,Emily Doctor | D13: 2133816 | G13: 🟡 YELLOW | H13: NO | I13: NO | J13: NO | K13: NO | L13: NO | M13: NO | N13: NO | O13: NO | P13: NO | Q13: NO | R13: NO | S13: =COUNTIF(H13:R13,"YES") -> 0
B14: 10 | C14: Ribo,Josepha Minel Teves | D14: 2243195 | G14: 🟡 YELLOW | H14: NO | I14: NO | J14: NO | K14: NO | L14: NO | M14: NO | N14: NO | O14: NO | P14: NO | Q14: NO | R14: NO | S14: =COUNTIF(H14:R14,"YES") -> 0
B15: 11 | C15: Manuel,Aldrin Nugas | D15: 2247380 | G15: 🟡 YELLOW | H15: NO | I15: NO | J15: NO | K15: NO | L15: NO | M15: NO | N15: NO | O15: NO | P15: NO | Q15: NO | R15: NO | S15: =COUNTIF(H15:R15,"YES") -> 0
B16: 12 | C16: Austria,Effie Galang | D16: 2280878 | G16: 🟡 YELLOW | H16: NO | I16: NO | J16: NO | K16: NO | L16: NO | M16: NO | N16: NO | O16: NO | P16: NO | Q16: NO | R16: NO | S16: =COUNTIF(H16:R16,"YES") -> 0
... B20: 16 | C20: Bonifacio,Melanie Gadia | D20: 2284243 | G20: 🟡 YELLOW | H20: NO | I20: NO | J20: NO | K20: NO | L20: NO | M20: NO | N20: NO | O20: NO | P20: NO | Q20: NO | R20: NO | S20: =COUNTIF(H20:R20,"YES") -> 0

Sheet Lee Stephen Valde Fat
B2: 🔍 EARLY WARNING SIGNS TRACKER — LEE STEPHEN VALDE FAT
B4: # | C4: Employee Name | D4: Employee ID | E4: Position | F4: Date Hired | G4: Risk Status | H4: Frequent Tardiness | I4: Increased Absences | J4: Low Productivity | K4: Disengagement in Team Huddles | L4: Job Hunting Signals | M4: Conflicts with Teammates | N4: Decline in QA/NPS Scores | O4: Reduced Initiative | P4: Requesting LOA/Leaves | Q4: Withdrawal from Social Activities | R4: With Active CAP? | S4: Risk Score | T4: Rating (Last 3 Mo.) | U4: TL Notes | V4: Last Updated
B5: 1 | C5: Santos,Robert Castillo | D5: 1026458 | G5: 🟡 YELLOW | H5: NO | I5: NO | J5: NO | K5: NO | L5: NO | M5: NO | N5: NO | O5: NO | P5: NO | Q5: NO | R5: NO | S5: =COUNTIF(H5:R5,"YES") -> 0
B6: 2 | C6: Carrascal,Marica | D6: 1957875 | G6: 🟡 YELLOW | H6: NO | I6: NO | J6: NO | K6: NO | L6: NO | M6: NO | N6: NO | O6: NO | P6: NO | Q6: NO | R6: NO | S6: =COUNTIF(H6:R6,"YES") -> 0

Sheet Leou Alven Narito Comendador
B2: 🔍 EARLY WARNING SIGNS TRACKER — LEOU ALVEN NARITO COMENDADOR
B4: # | C4: Employee Name | D4: Employee ID | E4: Position | F4: Date Hired | G4: Risk Status | H4: Frequent Tardiness | I4: Increased Absences | J4: Low Productivity | K4: Disengagement in Team Huddles | L4: Job Hunting Signals | M4: Conflicts with Teammates | N4: Decline in QA/NPS Scores | O4: Reduced Initiative | P4: Requesting LOA/Leaves | Q4: Withdrawal from Social Activities | R4: With Active CAP? | S4: Risk Score | T4: Rating (Last 3 Mo.) | U4: TL Notes | V4: Last Updated
B5: 1 | C5: Paurillo,Rinagine Landiza | D5: 1236900 | G5: 🟡 YELLOW | H5: NO | I5: NO | J5: NO | K5: NO | L5: NO | M5: NO | N5: NO | O5: NO | P5: NO | Q5: NO | R5: NO | S5: =COUNTIF(H5:R5,"YES") -> 0
B6: 2 | C6: Sacurom,Lovely Mae Enot | D6: 1943135 | G6: 🟡 YELLOW | H6: NO | I6: NO | J6: NO | K6: NO | L6: NO | M6: NO | N6: NO | O6: NO | P6: NO | Q6: NO | R6: NO | S6: =COUNTIF(H6:R6,"YES") -> 0
B7: 3 | C7: Sabando,Jave Astrid Rosario | D7: 2125341 | G7: 🟡 YELLOW | H7: NO | I7: NO | J7: NO | K7: NO | L7: NO | M7: NO | N7: NO | O7: NO | P7: NO | Q7: NO | R7: NO | S7: =COUNTIF(H7:R7,"YES") -> 0

Sheet Lovely Mae Enot Sacurom
B2: 🔍 EARLY WARNING SIGNS TRACKER — LOVELY MAE ENOT SACUROM
B4: # | C4: Employee Name | D4: Employee ID | E4: Position | F4: Date Hired | G4: Risk Status | H4: Frequent Tardiness | I4: Increased Absences | J4: Low Productivity | K4: Disengagement in Team Huddles | L4: Job Hunting Signals | M4: Conflicts with Teammates | N4: Decline in QA/NPS Scores | O4: Reduced Initiative | P4: Requesting LOA/Leaves | Q4: Withdrawal from Social Activities | R4: With Active CAP? | S4: Risk Score | T4: Rating (Last 3 Mo.) | U4: TL Notes | V4: Last Updated
B5: 1 | C5: Barte,Camille Therese Raagas | D5: 1245182 | G5: 🟡 YELLOW | H5: NO | I5: NO | J5: NO | K5: NO | L5: NO | M5: NO | N5: NO | O5: NO | P5: NO | Q5: NO | R5: NO | S5: =COUNTIF(H5:R5,"YES") -> 0
B6: 2 | C6: Bacalso,Mark Kenneth Solon | D6: 1256373 | G6: 🟡 YELLOW | H6: NO | I6: NO | J6: NO | K6: NO | L6: NO | M6: NO | N6: NO | O6: NO | P6: NO | Q6: NO | R6: NO | S6: =COUNTIF(H6:R6,"YES") -> 0
B7: 3 | C7: Omayan,Danica Carpentero | D7: 1747959 | G7: 🟡 YELLOW | H7: NO | I7: NO | J7: NO | K7: NO | L7: NO | M7: NO | N7: NO | O7: NO | P7: NO | Q7: NO | R7: NO | S7: =COUNTIF(H7:R7,"YES") -> 0
B8: 4 | C8: Rodriguez,Venice Mae Mahipus | D8: 1747968 | G8: 🟡 YELLOW | H8: NO | I8: NO | J8: NO | K8: NO | L8: NO | M8: NO | N8: NO | O8: NO | P8: NO | Q8: NO | R8: NO | S8: =COUNTIF(H8:R8,"YES") -> 0
B9: 5 | C9: Bontuyan,Reynald Villarino | D9: 1918906 | G9: 🟡 YELLOW | H9: NO | I9: NO | J9: NO | K9: NO | L9: NO | M9: NO | N9: NO | O9: NO | P9: NO | Q9: NO | R9: NO | S9: =COUNTIF(H9:R9,"YES") -> 0
B10: 6 | C10: Derama,Gyd Jasmin Ragot | D10: 1931814 | G10: 🟡 YELLOW | H10: NO | I10: NO | J10: NO | K10: NO | L10: NO | M10: NO | N10: NO | O10: NO | P10: NO | Q10: NO | R10: NO | S10: =COUNTIF(H10:R10,"YES") -> 0
B11: 7 | C11: Rafael,Angeline Baculinao | D11: 2119295 | G11: 🟡 YELLOW | H11: NO | I11: NO | J11: NO | K11: NO | L11: NO | M11: NO | N11: NO | O11: NO | P11: NO | Q11: NO | R11: NO | S11: =COUNTIF(H11:R11,"YES") -> 0
B12: 8 | C12: Toremotcha,Ciara Dane Baring | D12: 2119317 | G12: 🟡 YELLOW | H12: NO | I12: NO | J12: NO | K12: NO | L12: NO | M12: NO | N12: NO | O12: NO | P12: NO | Q12: NO | R12: NO | S12: =COUNTIF(H12:R12,"YES") -> 0
B13: 9 | C13: Congcong,Christian Faye Papas | D13: 2119338 | G13: 🟡 YELLOW | H13: NO | I13: NO | J13: NO | K13: NO | L13: NO | M13: NO | N13: NO | O13: NO | P13: NO | Q13: NO | R13: NO | S13: =COUNTIF(H13:R13,"YES") -> 0
B14: 10 | C14: Tinghil,Charlyn Salin | D14: 2119340 | G14: 🟡 YELLOW | H14: NO | I14: NO | J14: NO | K14: NO | L14: NO | M14: NO | N14: NO | O14: NO | P14: NO | Q14: NO | R14: NO | S14: =COUNTIF(H14:R14,"YES") -> 0
B15: 11 | C15: Perdiguez,Trisha Mae Monzolin | D15: 2120767 | G15: 🟡 YELLOW | H15: NO | I15: NO | J15: NO | K15: NO | L15: NO | M15: NO | N15: NO | O15: NO | P15: NO | Q15: NO | R15: NO | S15: =COUNTIF(H15:R15,"YES") -> 0
B16: 12 | C16: Publico,Ma Rica Pat | D16: 2125333 | G16: 🟡 YELLOW | H16: NO | I16: NO | J16: NO | K16: NO | L16: NO | M16: NO | N16: NO | O16: NO | P16: NO | Q16: NO | R16: NO | S16: =COUNTIF(H16:R16,"YES") -> 0
... B23: 19 | C23: Camargo,Nikko Zyro | D23: 900098947 | G23: 🟡 YELLOW | H23: NO | I23: NO | J23: NO | K23: NO | L23: NO | M23: NO | N23: NO | O23: NO | P23: NO | Q23: NO | R23: NO | S23: =COUNTIF(H23:R23,"YES") -> 0

Sheet Luis Joel Traverso Rodriguez
B2: 🔍 EARLY WARNING SIGNS TRACKER — LUIS JOEL TRAVERSO RODRIGUEZ
B4: # | C4: Employee Name | D4: Employee ID | E4: Position | F4: Date Hired | G4: Risk Status | H4: Frequent Tardiness | I4: Increased Absences | J4: Low Productivity | K4: Disengagement in Team Huddles | L4: Job Hunting Signals | M4: Conflicts with Teammates | N4: Decline in QA/NPS Scores | O4: Reduced Initiative | P4: Requesting LOA/Leaves | Q4: Withdrawal from Social Activities | R4: With Active CAP? | S4: Risk Score | T4: Rating (Last 3 Mo.) | U4: TL Notes | V4: Last Updated
B5: 1 | C5: Rodriguez,Aida Marie | D5: 1432267 | G5: 🟡 YELLOW | H5: NO | I5: NO | J5: NO | K5: NO | L5: NO | M5: NO | N5: NO | O5: NO | P5: NO | Q5: NO | R5: NO | S5: =COUNTIF(H5:R5,"YES") -> 0
B6: 2 | C6: Laboy- Lebron,Hector Ramiro | D6: 1439420 | G6: 🟡 YELLOW | H6: NO | I6: NO | J6: NO | K6: NO | L6: NO | M6: NO | N6: NO | O6: NO | P6: NO | Q6: NO | R6: NO | S6: =COUNTIF(H6:R6,"YES") -> 0
B7: 3 | C7: Burgos-Rivera,Jennifer N | D7: 1450906 | G7: 🟡 YELLOW | H7: NO | I7: NO | J7: NO | K7: NO | L7: NO | M7: NO | N7: NO | O7: NO | P7: NO | Q7: NO | R7: NO | S7: =COUNTIF(H7:R7,"YES") -> 0
B8: 4 | C8: Rodriguez,Osmari | D8: 1526201 | G8: 🟡 YELLOW | H8: NO | I8: NO | J8: NO | K8: NO | L8: NO | M8: NO | N8: NO | O8: NO | P8: NO | Q8: NO | R8: NO | S8: =COUNTIF(H8:R8,"YES") -> 0

Sheet Ma Alleah De Torres Santos
B2: 🔍 EARLY WARNING SIGNS TRACKER — MA ALLEAH DE TORRES SANTOS
B4: # | C4: Employee Name | D4: Employee ID | E4: Position | F4: Date Hired | G4: Risk Status | H4: Frequent Tardiness | I4: Increased Absences | J4: Low Productivity | K4: Disengagement in Team Huddles | L4: Job Hunting Signals | M4: Conflicts with Teammates | N4: Decline in QA/NPS Scores | O4: Reduced Initiative | P4: Requesting LOA/Leaves | Q4: Withdrawal from Social Activities | R4: With Active CAP? | S4: Risk Score | T4: Rating (Last 3 Mo.) | U4: TL Notes | V4: Last Updated
B5: 1 | C5: Mansibang,Jeric Amazona | D5: 1031095 | G5: 🟡 YELLOW | H5: NO | I5: NO | J5: NO | K5: NO | L5: NO | M5: NO | N5: NO | O5: NO | P5: NO | Q5: NO | R5: NO | S5: =COUNTIF(H5:R5,"YES") -> 0
B6: 2 | C6: Malay,Edrian Credo | D6: 1256948 | G6: 🟡 YELLOW | H6: NO | I6: NO | J6: NO | K6: NO | L6: NO | M6: NO | N6: NO | O6: NO | P6: NO | Q6: NO | R6: NO | S6: =COUNTIF(H6:R6,"YES") -> 0
B7: 3 | C7: Dela Cruz,Mistica | D7: 1674148 | G7: 🟡 YELLOW | H7: NO | I7: NO | J7: NO | K7: NO | L7: NO | M7: NO | N7: NO | O7: NO | P7: NO | Q7: NO | R7: NO | S7: =COUNTIF(H7:R7,"YES") -> 0
B8: 4 | C8: Valerio,Kristel Angelica | D8: 1918853 | G8: 🟡 YELLOW | H8: NO | I8: NO | J8: NO | K8: NO | L8: NO | M8: NO | N8: NO | O8: NO | P8: NO | Q8: NO | R8: NO | S8: =COUNTIF(H8:R8,"YES") -> 0

Sheet Maria Theresa Oliva Valenciano
B2: 🔍 EARLY WARNING SIGNS TRACKER — MARIA THERESA OLIVA VALENCIANO RAMOS
B4: # | C4: Employee Name | D4: Employee ID | E4: Position | F4: Date Hired | G4: Risk Status | H4: Frequent Tardiness | I4: Increased Absences | J4: Low Productivity | K4: Disengagement in Team Huddles | L4: Job Hunting Signals | M4: Conflicts with Teammates | N4: Decline in QA/NPS Scores | O4: Reduced Initiative | P4: Requesting LOA/Leaves | Q4: Withdrawal from Social Activities | R4: With Active CAP? | S4: Risk Score | T4: Rating (Last 3 Mo.) | U4: TL Notes | V4: Last Updated
B5: 1 | C5: Misayah,Rosauro Gabo | D5: 1253363 | G5: 🟡 YELLOW | H5: NO | I5: NO | J5: NO | K5: NO | L5: NO | M5: NO | N5: NO | O5: NO | P5: NO | Q5: NO | R5: NO | S5: =COUNTIF(H5:R5,"YES") -> 0
B6: 2 | C6: Traverso Rodriguez,Luis Joel | D6: 1441341 | G6: 🟡 YELLOW | H6: NO | I6: NO | J6: NO | K6: NO | L6: NO | M6: NO | N6: NO | O6: NO | P6: NO | Q6: NO | R6: NO | S6: =COUNTIF(H6:R6,"YES") -> 0
B7: 3 | C7: Almazan,Cathreen Aizha Ria | D7: 1884556 | G7: 🟡 YELLOW | H7: NO | I7: NO | J7: NO | K7: NO | L7: NO | M7: NO | N7: NO | O7: NO | P7: NO | Q7: NO | R7: NO | S7: =COUNTIF(H7:R7,"YES") -> 0

Sheet Mistica Dela Cruz
B2: 🔍 EARLY WARNING SIGNS TRACKER — MISTICA DELA CRUZ
B4: # | C4: Employee Name | D4: Employee ID | E4: Position | F4: Date Hired | G4: Risk Status | H4: Frequent Tardiness | I4: Increased Absences | J4: Low Productivity | K4: Disengagement in Team Huddles | L4: Job Hunting Signals | M4: Conflicts with Teammates | N4: Decline in QA/NPS Scores | O4: Reduced Initiative | P4: Requesting LOA/Leaves | Q4: Withdrawal from Social Activities | R4: With Active CAP? | S4: Risk Score | T4: Rating (Last 3 Mo.) | U4: TL Notes | V4: Last Updated
B5: 1 | C5: Arro,Xylene Rose Arroyo | D5: 1014237 | G5: 🟡 YELLOW | H5: NO | I5: NO | J5: NO | K5: NO | L5: NO | M5: NO | N5: NO | O5: NO | P5: NO | Q5: NO | R5: NO | S5: =COUNTIF(H5:R5,"YES") -> 0
B6: 2 | C6: Domingo,Senna Lara Ramirez | D6: 1524032 | G6: 🟡 YELLOW | H6: NO | I6: NO | J6: NO | K6: NO | L6: NO | M6: NO | N6: NO | O6: NO | P6: NO | Q6: NO | R6: NO | S6: =COUNTIF(H6:R6,"YES") -> 0
B7: 3 | C7: Baldoza,Ronalyn | D7: 1918993 | G7: 🟡 YELLOW | H7: NO | I7: NO | J7: NO | K7: NO | L7: NO | M7: NO | N7: NO | O7: NO | P7: NO | Q7: NO | R7: NO | S7: =COUNTIF(H7:R7,"YES") -> 0
B8: 4 | C8: Umali,Jeffry Talampas | D8: 2120771 | G8: 🟡 YELLOW | H8: NO | I8: NO | J8: NO | K8: NO | L8: NO | M8: NO | N8: NO | O8: NO | P8: NO | Q8: NO | R8: NO | S8: =COUNTIF(H8:R8,"YES") -> 0
B9: 5 | C9: Macalma,Elmar John Jazmin | D9: 2120785 | G9: 🟡 YELLOW | H9: NO | I9: NO | J9: NO | K9: NO | L9: NO | M9: NO | N9: NO | O9: NO | P9: NO | Q9: NO | R9: NO | S9: =COUNTIF(H9:R9,"YES") -> 0
B10: 6 | C10: Palad,Inah Kirshtine Bernabe | D10: 2162683 | G10: 🟡 YELLOW | H10: NO | I10: NO | J10: NO | K10: NO | L10: NO | M10: NO | N10: NO | O10: NO | P10: NO | Q10: NO | R10: NO | S10: =COUNTIF(H10:R10,"YES") -> 0
B11: 7 | C11: Ramos,Chester Irvin Bautista | D11: 2258011 | G11: 🟡 YELLOW | H11: NO | I11: NO | J11: NO | K11: NO | L11: NO | M11: NO | N11: NO | O11: NO | P11: NO | Q11: NO | R11: NO | S11: =COUNTIF(H11:R11,"YES") -> 0
B12: 8 | C12: Yodico,Jobert Tercio | D12: 2258568 | G12: 🟡 YELLOW | H12: NO | I12: NO | J12: NO | K12: NO | L12: NO | M12: NO | N12: NO | O12: NO | P12: NO | Q12: NO | R12: NO | S12: =COUNTIF(H12:R12,"YES") -> 0
B13: 9 | C13: Tabita,Czarina Manuel | D13: 2280853 | G13: 🟡 YELLOW | H13: NO | I13: NO | J13: NO | K13: NO | L13: NO | M13: NO | N13: NO | O13: NO | P13: NO | Q13: NO | R13: NO | S13: =COUNTIF(H13:R13,"YES") -> 0
B14: 10 | C14: Ramos,Ruth Marionne Dalut | D14: 2282129 | G14: 🟡 YELLOW | H14: NO | I14: NO | J14: NO | K14: NO | L14: NO | M14: NO | N14: NO | O14: NO | P14: NO | Q14: NO | R14: NO | S14: =COUNTIF(H14:R14,"YES") -> 0
B15: 11 | C15: Adriano,Anthony Floresca | D15: 2282142 | G15: 🟡 YELLOW | H15: NO | I15: NO | J15: NO | K15: NO | L15: NO | M15: NO | N15: NO | O15: NO | P15: NO | Q15: NO | R15: NO | S15: =COUNTIF(H15:R15,"YES") -> 0
B16: 12 | C16: Encabo,Josephine Fegarido | D16: 900038589 | G16: 🟡 YELLOW | H16: NO | I16: NO | J16: NO | K16: NO | L16: NO | M16: NO | N16: NO | O16: NO | P16: NO | Q16: NO | R16: NO | S16: =COUNTIF(H16:R16,"YES") -> 0
... B22: 18 | C22: Balaga,Margarita | D22: 900088036 | G22: 🟡 YELLOW | H22: NO | I22: NO | J22: NO | K22: NO | L22: NO | M22: NO | N22: NO | O22: NO | P22: NO | Q22: NO | R22: NO | S22: =COUNTIF(H22:R22,"YES") -> 0

Sheet Osmari Rodriguez
B2: 🔍 EARLY WARNING SIGNS TRACKER — OSMARI RODRIGUEZ
B4: # | C4: Employee Name | D4: Employee ID | E4: Position | F4: Date Hired | G4: Risk Status | H4: Frequent Tardiness | I4: Increased Absences | J4: Low Productivity | K4: Disengagement in Team Huddles | L4: Job Hunting Signals | M4: Conflicts with Teammates | N4: Decline in QA/NPS Scores | O4: Reduced Initiative | P4: Requesting LOA/Leaves | Q4: Withdrawal from Social Activities | R4: With Active CAP? | S4: Risk Score | T4: Rating (Last 3 Mo.) | U4: TL Notes | V4: Last Updated
B5: 1 | C5: Burgos,Arlene Natalia | D5: 1439443 | G5: 🟡 YELLOW | H5: NO | I5: NO | J5: NO | K5: NO | L5: NO | M5: NO | N5: NO | O5: NO | P5: NO | Q5: NO | R5: NO | S5: =COUNTIF(H5:R5,"YES") -> 0
B6: 2 | C6: Merced- Figueroa,Yanira | D6: 1441049 | G6: 🟡 YELLOW | H6: NO | I6: NO | J6: NO | K6: NO | L6: NO | M6: NO | N6: NO | O6: NO | P6: NO | Q6: NO | R6: NO | S6: =COUNTIF(H6:R6,"YES") -> 0
B7: 3 | C7: Puello,Jennipher | D7: 1451378 | G7: 🟡 YELLOW | H7: NO | I7: NO | J7: NO | K7: NO | L7: NO | M7: NO | N7: NO | O7: NO | P7: NO | Q7: NO | R7: NO | S7: =COUNTIF(H7:R7,"YES") -> 0
B8: 4 | C8: Ortiz Rodriguez,Joel M | D8: 1451820 | G8: 🟡 YELLOW | H8: NO | I8: NO | J8: NO | K8: NO | L8: NO | M8: NO | N8: NO | O8: NO | P8: NO | Q8: NO | R8: NO | S8: =COUNTIF(H8:R8,"YES") -> 0
B9: 5 | C9: Rivera-Ramos,Analisa | D9: 1457804 | G9: 🟡 YELLOW | H9: NO | I9: NO | J9: NO | K9: NO | L9: NO | M9: NO | N9: NO | O9: NO | P9: NO | Q9: NO | R9: NO | S9: =COUNTIF(H9:R9,"YES") -> 0
B10: 6 | C10: Aviles-Rodriguez,Jose | D10: 1459142 | G10: 🟡 YELLOW | H10: NO | I10: NO | J10: NO | K10: NO | L10: NO | M10: NO | N10: NO | O10: NO | P10: NO | Q10: NO | R10: NO | S10: =COUNTIF(H10:R10,"YES") -> 0
B11: 7 | C11: Burgos Gomez,Yazlyn Carmen | D11: 1490965 | G11: 🟡 YELLOW | H11: NO | I11: NO | J11: NO | K11: NO | L11: NO | M11: NO | N11: NO | O11: NO | P11: NO | Q11: NO | R11: NO | S11: =COUNTIF(H11:R11,"YES") -> 0
B12: 8 | C12: Delgado Lopez,Deborah Marie | D12: 1491338 | G12: 🟡 YELLOW | H12: NO | I12: NO | J12: NO | K12: NO | L12: NO | M12: NO | N12: NO | O12: NO | P12: NO | Q12: NO | R12: NO | S12: =COUNTIF(H12:R12,"YES") -> 0
B13: 9 | C13: De Jesus Baez,Dimarys | D13: 1512026 | G13: 🟡 YELLOW | H13: NO | I13: NO | J13: NO | K13: NO | L13: NO | M13: NO | N13: NO | O13: NO | P13: NO | Q13: NO | R13: NO | S13: =COUNTIF(H13:R13,"YES") -> 0
B14: 10 | C14: Del Valle,Cesar Antonio | D14: 1514605 | G14: 🟡 YELLOW | H14: NO | I14: NO | J14: NO | K14: NO | L14: NO | M14: NO | N14: NO | O14: NO | P14: NO | Q14: NO | R14: NO | S14: =COUNTIF(H14:R14,"YES") -> 0
B15: 11 | C15: Herrera Mercedes,Leurys C | D15: 1515058 | G15: 🟡 YELLOW | H15: NO | I15: NO | J15: NO | K15: NO | L15: NO | M15: NO | N15: NO | O15: NO | P15: NO | Q15: NO | R15: NO | S15: =COUNTIF(H15:R15,"YES") -> 0
B16: 12 | C16: Colon Garcia,Paulita Janice | D16: 1516707 | G16: 🟡 YELLOW | H16: NO | I16: NO | J16: NO | K16: NO | L16: NO | M16: NO | N16: NO | O16: NO | P16: NO | Q16: NO | R16: NO | S16: =COUNTIF(H16:R16,"YES") -> 0
B17: 13 | C17: Hernandez,Karolina | D17: 1623515 | G17: 🟡 YELLOW | H17: NO | I17: NO | J17: NO | K17: NO | L17: NO | M17: NO | N17: NO | O17: NO | P17: NO | Q17: NO | R17: NO | S17: =COUNTIF(H17:R17,"YES") -> 0

Sheet Paolo Cabantog Dacanay
B2: 🔍 EARLY WARNING SIGNS TRACKER — PAOLO CABANTOG DACANAY
B4: # | C4: Employee Name | D4: Employee ID | E4: Position | F4: Date Hired | G4: Risk Status | H4: Frequent Tardiness | I4: Increased Absences | J4: Low Productivity | K4: Disengagement in Team Huddles | L4: Job Hunting Signals | M4: Conflicts with Teammates | N4: Decline in QA/NPS Scores | O4: Reduced Initiative | P4: Requesting LOA/Leaves | Q4: Withdrawal from Social Activities | R4: With Active CAP? | S4: Risk Score | T4: Rating (Last 3 Mo.) | U4: TL Notes | V4: Last Updated
B5: 1 | C5: Cortez,Khyno Elimanco | D5: 1251523 | G5: 🟡 YELLOW | H5: NO | I5: NO | J5: NO | K5: NO | L5: NO | M5: NO | N5: NO | O5: NO | P5: NO | Q5: NO | R5: NO | S5: =COUNTIF(H5:R5,"YES") -> 0
B6: 2 | C6: Bonocan,Johnny Rey Diaz | D6: 1395790 | G6: 🟡 YELLOW | H6: NO | I6: NO | J6: NO | K6: NO | L6: NO | M6: NO | N6: NO | O6: NO | P6: NO | Q6: NO | R6: NO | S6: =COUNTIF(H6:R6,"YES") -> 0
B7: 3 | C7: Dela Cruz,Alyana Marie Jose | D7: 1918874 | G7: 🟡 YELLOW | H7: NO | I7: NO | J7: NO | K7: NO | L7: NO | M7: NO | N7: NO | O7: NO | P7: NO | Q7: NO | R7: NO | S7: =COUNTIF(H7:R7,"YES") -> 0
B8: 4 | C8: Rudio,Desiree Granpil | D8: 1920146 | G8: 🟡 YELLOW | H8: NO | I8: NO | J8: NO | K8: NO | L8: NO | M8: NO | N8: NO | O8: NO | P8: NO | Q8: NO | R8: NO | S8: =COUNTIF(H8:R8,"YES") -> 0

Sheet Rinagine Landiza Paurillo
B2: 🔍 EARLY WARNING SIGNS TRACKER — RINAGINE LANDIZA PAURILLO
B4: # | C4: Employee Name | D4: Employee ID | E4: Position | F4: Date Hired | G4: Risk Status | H4: Frequent Tardiness | I4: Increased Absences | J4: Low Productivity | K4: Disengagement in Team Huddles | L4: Job Hunting Signals | M4: Conflicts with Teammates | N4: Decline in QA/NPS Scores | O4: Reduced Initiative | P4: Requesting LOA/Leaves | Q4: Withdrawal from Social Activities | R4: With Active CAP? | S4: Risk Score | T4: Rating (Last 3 Mo.) | U4: TL Notes | V4: Last Updated
B5: 1 | C5: Gimenez,Ronald Vicente Mangubat | D5: 1092213 | G5: 🟡 YELLOW | H5: NO | I5: NO | J5: NO | K5: NO | L5: NO | M5: NO | N5: NO | O5: NO | P5: NO | Q5: NO | R5: NO | S5: =COUNTIF(H5:R5,"YES") -> 0
B6: 2 | C6: Bompat,Bevvy Caryl Sijuela | D6: 1256565 | G6: 🟡 YELLOW | H6: NO | I6: NO | J6: NO | K6: NO | L6: NO | M6: NO | N6: NO | O6: NO | P6: NO | Q6: NO | R6: NO | S6: =COUNTIF(H6:R6,"YES") -> 0
B7: 3 | C7: Alburo,Johan Christian | D7: 1486512 | G7: 🟡 YELLOW | H7: NO | I7: NO | J7: NO | K7: NO | L7: NO | M7: NO | N7: NO | O7: NO | P7: NO | Q7: NO | R7: NO | S7: =COUNTIF(H7:R7,"YES") -> 0
B8: 4 | C8: Alipoyo,Dalilah Santiago | D8: 1627435 | G8: 🟡 YELLOW | H8: NO | I8: NO | J8: NO | K8: NO | L8: NO | M8: NO | N8: NO | O8: NO | P8: NO | Q8: NO | R8: NO | S8: =COUNTIF(H8:R8,"YES") -> 0
B9: 5 | C9: Meca,Jinky Mansueto | D9: 1736192 | G9: 🟡 YELLOW | H9: NO | I9: NO | J9: NO | K9: NO | L9: NO | M9: NO | N9: NO | O9: NO | P9: NO | Q9: NO | R9: NO | S9: =COUNTIF(H9:R9,"YES") -> 0
B10: 6 | C10: Ventic,Sheena Marie Santisas | D10: 1742964 | G10: 🟡 YELLOW | H10: NO | I10: NO | J10: NO | K10: NO | L10: NO | M10: NO | N10: NO | O10: NO | P10: NO | Q10: NO | R10: NO | S10: =COUNTIF(H10:R10,"YES") -> 0
B11: 7 | C11: Ornopia,Bandam Bebs Sinogbuhan | D11: 1920221 | G11: 🟡 YELLOW | H11: NO | I11: NO | J11: NO | K11: NO | L11: NO | M11: NO | N11: NO | O11: NO | P11: NO | Q11: NO | R11: NO | S11: =COUNTIF(H11:R11,"YES") -> 0
B12: 8 | C12: Navarro,Jamaica Mari Debil | D12: 2108440 | G12: 🟡 YELLOW | H12: NO | I12: NO | J12: NO | K12: NO | L12: NO | M12: NO | N12: NO | O12: NO | P12: NO | Q12: NO | R12: NO | S12: =COUNTIF(H12:R12,"YES") -> 0
B13: 9 | C13: Gabutin,Marie Fel Borja | D13: 2109649 | G13: 🟡 YELLOW | H13: NO | I13: NO | J13: NO | K13: NO | L13: NO | M13: NO | N13: NO | O13: NO | P13: NO | Q13: NO | R13: NO | S13: =COUNTIF(H13:R13,"YES") -> 0
B14: 10 | C14: Mesa,Darril Borres | D14: 2147971 | G14: 🟡 YELLOW | H14: NO | I14: NO | J14: NO | K14: NO | L14: NO | M14: NO | N14: NO | O14: NO | P14: NO | Q14: NO | R14: NO | S14: =COUNTIF(H14:R14,"YES") -> 0
B15: 11 | C15: Cahoy,Ralph Basilio | D15: 2243261 | G15: 🟡 YELLOW | H15: NO | I15: NO | J15: NO | K15: NO | L15: NO | M15: NO | N15: NO | O15: NO | P15: NO | Q15: NO | R15: NO | S15: =COUNTIF(H15:R15,"YES") -> 0
B16: 12 | C16: Pepito,Chris Nino Bataclan | D16: 2244263 | G16: 🟡 YELLOW | H16: NO | I16: NO | J16: NO | K16: NO | L16: NO | M16: NO | N16: NO | O16: NO | P16: NO | Q16: NO | R16: NO | S16: =COUNTIF(H16:R16,"YES") -> 0
... B22: 18 | C22: Densing,John Ashley | D22: 900098960 | G22: 🟡 YELLOW | H22: NO | I22: NO | J22: NO | K22: NO | L22: NO | M22: NO | N22: NO | O22: NO | P22: NO | Q22: NO | R22: NO | S22: =COUNTIF(H22:R22,"YES") -> 0

Sheet Robert Castillo Santos
B2: 🔍 EARLY WARNING SIGNS TRACKER — ROBERT CASTILLO SANTOS
B4: # | C4: Employee Name | D4: Employee ID | E4: Position | F4: Date Hired | G4: Risk Status | H4: Frequent Tardiness | I4: Increased Absences | J4: Low Productivity | K4: Disengagement in Team Huddles | L4: Job Hunting Signals | M4: Conflicts with Teammates | N4: Decline in QA/NPS Scores | O4: Reduced Initiative | P4: Requesting LOA/Leaves | Q4: Withdrawal from Social Activities | R4: With Active CAP? | S4: Risk Score | T4: Rating (Last 3 Mo.) | U4: TL Notes | V4: Last Updated
B5: 1 | C5: Barcelona,Arjay Regil | D5: 1025337 | G5: 🟡 YELLOW | H5: NO | I5: NO | J5: NO | K5: NO | L5: NO | M5: NO | N5: NO | O5: NO | P5: NO | Q5: NO | R5: NO | S5: =COUNTIF(H5:R5,"YES") -> 0
B6: 2 | C6: Furiscal,Danica Villano | D6: 1091719 | G6: 🟡 YELLOW | H6: NO | I6: NO | J6: NO | K6: NO | L6: NO | M6: NO | N6: NO | O6: NO | P6: NO | Q6: NO | R6: NO | S6: =COUNTIF(H6:R6,"YES") -> 0
B7: 3 | C7: Larracas,Jean Paul Raymundo | D7: 1136433 | G7: 🟡 YELLOW | H7: NO | I7: NO | J7: NO | K7: NO | L7: NO | M7: NO | N7: NO | O7: NO | P7: NO | Q7: NO | R7: NO | S7: =COUNTIF(H7:R7,"YES") -> 0
B8: 4 | C8: Martinez,Chrisel Lingat | D8: 1183755 | G8: 🟡 YELLOW | H8: NO | I8: NO | J8: NO | K8: NO | L8: NO | M8: NO | N8: NO | O8: NO | P8: NO | Q8: NO | R8: NO | S8: =COUNTIF(H8:R8,"YES") -> 0
B9: 5 | C9: Golino,Roselle Marie Buenaventura | D9: 1183771 | G9: 🟡 YELLOW | H9: NO | I9: NO | J9: NO | K9: NO | L9: NO | M9: NO | N9: NO | O9: NO | P9: NO | Q9: NO | R9: NO | S9: =COUNTIF(H9:R9,"YES") -> 0
B10: 6 | C10: Sulit,Deserie Bumanglag | D10: 1226815 | G10: 🟡 YELLOW | H10: NO | I10: NO | J10: NO | K10: NO | L10: NO | M10: NO | N10: NO | O10: NO | P10: NO | Q10: NO | R10: NO | S10: =COUNTIF(H10:R10,"YES") -> 0
B11: 7 | C11: Alvarez,Revo Adrian Carl | D11: 1927789 | G11: 🟡 YELLOW | H11: NO | I11: NO | J11: NO | K11: NO | L11: NO | M11: NO | N11: NO | O11: NO | P11: NO | Q11: NO | R11: NO | S11: =COUNTIF(H11:R11,"YES") -> 0
B12: 8 | C12: Purpora,Daryl Barbado | D12: 1940963 | G12: 🟡 YELLOW | H12: NO | I12: NO | J12: NO | K12: NO | L12: NO | M12: NO | N12: NO | O12: NO | P12: NO | Q12: NO | R12: NO | S12: =COUNTIF(H12:R12,"YES") -> 0
B13: 9 | C13: Malan,Majben Joy | D13: 900061466 | G13: 🟡 YELLOW | H13: NO | I13: NO | J13: NO | K13: NO | L13: NO | M13: NO | N13: NO | O13: NO | P13: NO | Q13: NO | R13: NO | S13: =COUNTIF(H13:R13,"YES") -> 0
B14: 10 | C14: Cenizal Jr,John Reynaldo | D14: 900061471 | G14: 🟡 YELLOW | H14: NO | I14: NO | J14: NO | K14: NO | L14: NO | M14: NO | N14: NO | O14: NO | P14: NO | Q14: NO | R14: NO | S14: =COUNTIF(H14:R14,"YES") -> 0
B15: 11 | C15: Santelices,Mary Rose | D15: 900061479 | G15: 🟡 YELLOW | H15: NO | I15: NO | J15: NO | K15: NO | L15: NO | M15: NO | N15: NO | O15: NO | P15: NO | Q15: NO | R15: NO | S15: =COUNTIF(H15:R15,"YES") -> 0
B16: 12 | C16: Lumibao,Renelou | D16: 900062098 | G16: 🟡 YELLOW | H16: NO | I16: NO | J16: NO | K16: NO | L16: NO | M16: NO | N16: NO | O16: NO | P16: NO | Q16: NO | R16: NO | S16: =COUNTIF(H16:R16,"YES") -> 0
... B19: 15 | C19: Burton,Lawrence | D19: 900088231 | G19: 🟡 YELLOW | H19: NO | I19: NO | J19: NO | K19: NO | L19: NO | M19: NO | N19: NO | O19: NO | P19: NO | Q19: NO | R19: NO | S19: =COUNTIF(H19:R19,"YES") -> 0

Sheet Rosauro Gabo Misayah
B2: 🔍 EARLY WARNING SIGNS TRACKER — ROSAURO GABO MISAYAH
B4: # | C4: Employee Name | D4: Employee ID | E4: Position | F4: Date Hired | G4: Risk Status | H4: Frequent Tardiness | I4: Increased Absences | J4: Low Productivity | K4: Disengagement in Team Huddles | L4: Job Hunting Signals | M4: Conflicts with Teammates | N4: Decline in QA/NPS Scores | O4: Reduced Initiative | P4: Requesting LOA/Leaves | Q4: Withdrawal from Social Activities | R4: With Active CAP? | S4: Risk Score | T4: Rating (Last 3 Mo.) | U4: TL Notes | V4: Last Updated
B5: 1 | C5: Corrales,Donabel Sabado | D5: 1171295 | G5: 🟡 YELLOW | H5: NO | I5: NO | J5: NO | K5: NO | L5: NO | M5: NO | N5: NO | O5: NO | P5: NO | Q5: NO | R5: NO | S5: =COUNTIF(H5:R5,"YES") -> 0
B6: 2 | C6: Santos,Ma Alleah De Torres | D6: 1913076 | G6: 🟡 YELLOW | H6: NO | I6: NO | J6: NO | K6: NO | L6: NO | M6: NO | N6: NO | O6: NO | P6: NO | Q6: NO | R6: NO | S6: =COUNTIF(H6:R6,"YES") -> 0
B7: 3 | C7: Lagare,John Earl Melitado | D7: 1991437 | G7: 🟡 YELLOW | H7: NO | I7: NO | J7: NO | K7: NO | L7: NO | M7: NO | N7: NO | O7: NO | P7: NO | Q7: NO | R7: NO | S7: =COUNTIF(H7:R7,"YES") -> 0
B8: 4 | C8: Cuartero,Charlie Jr De Asis | D8: 2296905 | G8: 🟡 YELLOW | H8: NO | I8: NO | J8: NO | K8: NO | L8: NO | M8: NO | N8: NO | O8: NO | P8: NO | Q8: NO | R8: NO | S8: =COUNTIF(H8:R8,"YES") -> 0

Sheet Sheena Estorba Lucresia
B2: 🔍 EARLY WARNING SIGNS TRACKER — SHEENA ESTORBA LUCRESIA
B4: # | C4: Employee Name | D4: Employee ID | E4: Position | F4: Date Hired | G4: Risk Status | H4: Frequent Tardiness | I4: Increased Absences | J4: Low Productivity | K4: Disengagement in Team Huddles | L4: Job Hunting Signals | M4: Conflicts with Teammates | N4: Decline in QA/NPS Scores | O4: Reduced Initiative | P4: Requesting LOA/Leaves | Q4: Withdrawal from Social Activities | R4: With Active CAP? | S4: Risk Score | T4: Rating (Last 3 Mo.) | U4: TL Notes | V4: Last Updated
B5: 1 | C5: Ogaro,Lilian Labay | D5: 1738038 | G5: 🟡 YELLOW | H5: NO | I5: NO | J5: NO | K5: NO | L5: NO | M5: NO | N5: NO | O5: NO | P5: NO | Q5: NO | R5: NO | S5: =COUNTIF(H5:R5,"YES") -> 0
B6: 2 | C6: Paquibot,Jennilan | D6: 1772386 | G6: 🟡 YELLOW | H6: NO | I6: NO | J6: NO | K6: NO | L6: NO | M6: NO | N6: NO | O6: NO | P6: NO | Q6: NO | R6: NO | S6: =COUNTIF(H6:R6,"YES") -> 0
B7: 3 | C7: Enriquez,Liduvina Cuario | D7: 1772425 | G7: 🟡 YELLOW | H7: NO | I7: NO | J7: NO | K7: NO | L7: NO | M7: NO | N7: NO | O7: NO | P7: NO | Q7: NO | R7: NO | S7: =COUNTIF(H7:R7,"YES") -> 0
B8: 4 | C8: Caballes,Aiahna Kirsten | D8: 1789785 | G8: 🟡 YELLOW | H8: NO | I8: NO | J8: NO | K8: NO | L8: NO | M8: NO | N8: NO | O8: NO | P8: NO | Q8: NO | R8: NO | S8: =COUNTIF(H8:R8,"YES") -> 0
B9: 5 | C9: Maglinte,Janus Joy Dei Turimutsa | D9: 1834966 | G9: 🟡 YELLOW | H9: NO | I9: NO | J9: NO | K9: NO | L9: NO | M9: NO | N9: NO | O9: NO | P9: NO | Q9: NO | R9: NO | S9: =COUNTIF(H9:R9,"YES") -> 0
B10: 6 | C10: Avila,Mary Mae Mabini | D10: 1836840 | G10: 🟡 YELLOW | H10: NO | I10: NO | J10: NO | K10: NO | L10: NO | M10: NO | N10: NO | O10: NO | P10: NO | Q10: NO | R10: NO | S10: =COUNTIF(H10:R10,"YES") -> 0
B11: 7 | C11: Anasco,Charity Martinez | D11: 1839962 | G11: 🟡 YELLOW | H11: NO | I11: NO | J11: NO | K11: NO | L11: NO | M11: NO | N11: NO | O11: NO | P11: NO | Q11: NO | R11: NO | S11: =COUNTIF(H11:R11,"YES") -> 0
B12: 8 | C12: Bulalaque,Shermagne Alyza Del Rosario | D12: 1928599 | G12: 🟡 YELLOW | H12: NO | I12: NO | J12: NO | K12: NO | L12: NO | M12: NO | N12: NO | O12: NO | P12: NO | Q12: NO | R12: NO | S12: =COUNTIF(H12:R12,"YES") -> 0
B13: 9 | C13: Nellas,Sofia Anne Marie | D13: 1928617 | G13: 🟡 YELLOW | H13: NO | I13: NO | J13: NO | K13: NO | L13: NO | M13: NO | N13: NO | O13: NO | P13: NO | Q13: NO | R13: NO | S13: =COUNTIF(H13:R13,"YES") -> 0
B14: 10 | C14: Quijano,Reggie Giaco | D14: 1932050 | G14: 🟡 YELLOW | H14: NO | I14: NO | J14: NO | K14: NO | L14: NO | M14: NO | N14: NO | O14: NO | P14: NO | Q14: NO | R14: NO | S14: =COUNTIF(H14:R14,"YES") -> 0
B15: 11 | C15: Pigar,Danna Dorothy Epe | D15: 1939497 | G15: 🟡 YELLOW | H15: NO | I15: NO | J15: NO | K15: NO | L15: NO | M15: NO | N15: NO | O15: NO | P15: NO | Q15: NO | R15: NO | S15: =COUNTIF(H15:R15,"YES") -> 0
B16: 12 | C16: Salvedia,Roselyn Bulacja | D16: 1949865 | G16: 🟡 YELLOW | H16: NO | I16: NO | J16: NO | K16: NO | L16: NO | M16: NO | N16: NO | O16: NO | P16: NO | Q16: NO | R16: NO | S16: =COUNTIF(H16:R16,"YES") -> 0
... B23: 19 | C23: Alerta,Michael Arriesgado | D23: 2148844 | G23: 🟡 YELLOW | H23: NO | I23: NO | J23: NO | K23: NO | L23: NO | M23: NO | N23: NO | O23: NO | P23: NO | Q23: NO | R23: NO | S23: =COUNTIF(H23:R23,"YES") -> 0

Sheet Victor Jr Cabriles Fuentenegra
B2: 🔍 EARLY WARNING SIGNS TRACKER — VICTOR JR CABRILES FUENTENEGRA
B4: # | C4: Employee Name | D4: Employee ID | E4: Position | F4: Date Hired | G4: Risk Status | H4: Frequent Tardiness | I4: Increased Absences | J4: Low Productivity | K4: Disengagement in Team Huddles | L4: Job Hunting Signals | M4: Conflicts with Teammates | N4: Decline in QA/NPS Scores | O4: Reduced Initiative | P4: Requesting LOA/Leaves | Q4: Withdrawal from Social Activities | R4: With Active CAP? | S4: Risk Score | T4: Rating (Last 3 Mo.) | U4: TL Notes | V4: Last Updated
B5: 1 | C5: Villaflor,Paul Michael Suico | D5: 1255279 | G5: 🟡 YELLOW | H5: NO | I5: NO | J5: NO | K5: NO | L5: NO | M5: NO | N5: NO | O5: NO | P5: NO | Q5: NO | R5: NO | S5: =COUNTIF(H5:R5,"YES") -> 0
B6: 2 | C6: Nunez,Jenny Dequiso | D6: 1967487 | G6: 🟡 YELLOW | H6: NO | I6: NO | J6: NO | K6: NO | L6: NO | M6: NO | N6: NO | O6: NO | P6: NO | Q6: NO | R6: NO | S6: =COUNTIF(H6:R6,"YES") -> 0
B7: 3 | C7: Motos,Erika Xanthia Mortejo | D7: 2235981 | G7: 🟡 YELLOW | H7: NO | I7: NO | J7: NO | K7: NO | L7: NO | M7: NO | N7: NO | O7: NO | P7: NO | Q7: NO | R7: NO | S7: =COUNTIF(H7:R7,"YES") -> 0
B8: 4 | C8: Basilgo,Rey Martin Impang | D8: 2244612 | G8: 🟡 YELLOW | H8: NO | I8: NO | J8: NO | K8: NO | L8: NO | M8: NO | N8: NO | O8: NO | P8: NO | Q8: NO | R8: NO | S8: =COUNTIF(H8:R8,"YES") -> 0
B9: 5 | C9: Revillas,Jhessa Bella | D9: 900061477 | G9: 🟡 YELLOW | H9: NO | I9: NO | J9: NO | K9: NO | L9: NO | M9: NO | N9: NO | O9: NO | P9: NO | Q9: NO | R9: NO | S9: =COUNTIF(H9:R9,"YES") -> 0
B10: 6 | C10: Julve,Rhena Maureen | D10: 900062106 | G10: 🟡 YELLOW | H10: NO | I10: NO | J10: NO | K10: NO | L10: NO | M10: NO | N10: NO | O10: NO | P10: NO | Q10: NO | R10: NO | S10: =COUNTIF(H10:R10,"YES") -> 0
B11: 7 | C11: Boldo,Dhevinson | D11: 900062109 | G11: 🟡 YELLOW | H11: NO | I11: NO | J11: NO | K11: NO | L11: NO | M11: NO | N11: NO | O11: NO | P11: NO | Q11: NO | R11: NO | S11: =COUNTIF(H11:R11,"YES") -> 0
B12: 8 | C12: Torregoza,Ma Bendel | D12: 900062124 | G12: 🟡 YELLOW | H12: NO | I12: NO | J12: NO | K12: NO | L12: NO | M12: NO | N12: NO | O12: NO | P12: NO | Q12: NO | R12: NO | S12: =COUNTIF(H12:R12,"YES") -> 0
B13: 9 | C13: Boljoran,Jomarie | D13: 900069896 | G13: 🟡 YELLOW | H13: NO | I13: NO | J13: NO | K13: NO | L13: NO | M13: NO | N13: NO | O13: NO | P13: NO | Q13: NO | R13: NO | S13: =COUNTIF(H13:R13,"YES") -> 0
B14: 10 | C14: Requina,Hazel Coleen | D14: 900078897 | G14: 🟡 YELLOW | H14: NO | I14: NO | J14: NO | K14: NO | L14: NO | M14: NO | N14: NO | O14: NO | P14: NO | Q14: NO | R14: NO | S14: =COUNTIF(H14:R14,"YES") -> 0
B15: 11 | C15: Talomia,Kyle Jeff | D15: 900081103 | G15: 🟡 YELLOW | H15: NO | I15: NO | J15: NO | K15: NO | L15: NO | M15: NO | N15: NO | O15: NO | P15: NO | Q15: NO | R15: NO | S15: =COUNTIF(H15:R15,"YES") -> 0
B16: 12 | C16: Rivera,Michael Eric | D16: 900081779 | G16: 🟡 YELLOW | H16: NO | I16: NO | J16: NO | K16: NO | L16: NO | M16: NO | N16: NO | O16: NO | P16: NO | Q16: NO | R16: NO | S16: =COUNTIF(H16:R16,"YES") -> 0
... B23: 19 | C23: Ceniza,Althea Ann | D23: 900124235 | G23: 🟡 YELLOW | H23: NO | I23: NO | J23: NO | K23: NO | L23: NO | M23: NO | N23: NO | O23: NO | P23: NO | Q23: NO | R23: NO | S23: =COUNTIF(H23:R23,"YES") -> 0
