Workbook

Sheet 📊 Dashboard
B2: 📊 EARLY WARNING SIGNS — OPERATIONS DASHBOARD
B5: TEAM-LEVEL RISK SUMMARY
B6: Team | C6: Total Headcount | D6: 🟢 GREEN | E6: 🟡 YELLOW | F6: 🔴 RED | G6: ⚫ BLACK | H6: % At Risk (RED+BLACK) | I6: Avg Risk Score | J6: Top Indicator | K6: Action Priority
B7: Team Leou | C7: 19 | D7: =COUNTIF('Team Leou'!F5:F23,"*GREEN*") -> 5 | E7: =COUNTIF('Team Leou'!F5:F23,"*YELLOW*") -> 1 | F7: =COUNTIF('Team Leou'!F5:F23,F6) -> 6 | G7: =COUNTIF('Team Leou'!$F$5:$F$23,G6) -> 7 | H7: =IFERROR((F7+G7)/C7,0) -> 0.68421053 | I7: =IFERROR(AVERAGE('Team Leou'!R5:R23),0) -> 5.5789474 | J7: Low Productivity | K7: =IF(G7>0,"🚨 IMMEDIATE",IF(F7>0,"⚠️ HIGH",IF(E7>0,"📋 MONITOR","✅ STABLE"))) -> 🚨 IMMEDIATE
B8: Team Alpha | C8: 19 | D8: =COUNTIF('Team Alpha'!F5:F23,"*GREEN*") -> 5 | E8: =COUNTIF('Team Alpha'!F5:F23,"*YELLOW*") -> 6 | F8: =COUNTIF('Team Alpha'!F5:F23,"*RED*") -> 3 | G8: =COUNTIF('Team Alpha'!F5:F23,G6) -> 5 | H8: =IFERROR((F8+G8)/C8,0) -> 0.42105263 | I8: =IFERROR(AVERAGE('Team Leou'!R6:R24),0) -> 5.5 | J8: Disengagement in Team Huddles | K8: =IF(G8>0,"🚨 IMMEDIATE",IF(F8>0,"⚠️ HIGH",IF(E8>0,"📋 MONITOR","✅ STABLE"))) -> 🚨 IMMEDIATE
B9: Team Beta | C9: 19 | D9: =COUNTIF('Team Beta'!F5:F23,"*GREEN*") -> 7 | E9: =COUNTIF('Team Beta'!F5:F23,"*YELLOW*") -> 3 | F9: =COUNTIF('Team Beta'!F5:F23,"*RED*") -> 3 | G9: =COUNTIF('Team Beta'!F5:F23,G6) -> 6 | H9: =IFERROR((F9+G9)/C9,0) -> 0.47368421 | I9: =IFERROR(AVERAGE('Team Leou'!R7:R25),0) -> 5.5294118 | J9: Decline in QA Scores | K9: =IF(G9>0,"🚨 IMMEDIATE",IF(F9>0,"⚠️ HIGH",IF(E9>0,"📋 MONITOR","✅ STABLE"))) -> 🚨 IMMEDIATE
B10: Team Gamma | C10: 19 | D10: =COUNTIF('Team Gamma'!F5:F23,"*GREEN*") -> 5 | E10: =COUNTIF('Team Gamma'!F5:F23,"*YELLOW*") -> 4 | F10: =COUNTIF('Team Gamma'!F5:F23,"*RED*") -> 6 | G10: =COUNTIF('Team Gamma'!F5:F23,G6) -> 4 | H10: =IFERROR((F10+G10)/C10,0) -> 0.52631579 | I10: =IFERROR(AVERAGE('Team Leou'!R8:R26),0) -> 5.5625 | J10: Requesting LOA/Personal Leaves | K10: =IF(G10>0,"🚨 IMMEDIATE",IF(F10>0,"⚠️ HIGH",IF(E10>0,"📋 MONITOR","✅ STABLE"))) -> 🚨 IMMEDIATE
B11: TOTAL / AVERAGE | C11: =SUM(C7:C10) -> 76 | D11: =SUM(D7:D10) -> 22 | E11: =SUM(E7:E10) -> 14 | F11: =SUM(F7:F10) -> 18 | G11: =SUM(G7:G10) -> 22 | H11: {=IFERROR(SUM(F7:F10+G7:G10)/SUM(C7:C10),0)} -> 0.52631579 | I11: =AVERAGE(I7:I10) -> 5.5427148
B13: TOTAL HEADCOUNT | E13: 🟢 STABLE | G13: 🟡 MONITORING | I13: 🔴 HIGH RISK | K13: ⚫ CONFIRMED ATTRITION
B14: =C11 -> 76 | E14: =D11 -> 22 | G14: =E11 -> 14 | I14: =F11 -> 18 | K14: =G11 -> 22
B16: 💡 NAVIGATION: Use the sheet tabs below to switch between teams. Update Risk Status in each team tab — this Dashboard updates automatically via formulas. Employees marked ⚫ BLACK should be copied to the '⚫ Confirmed Attrition' sheet.

Sheet Team Leou
B2: 🔍 EARLY WARNING SIGNS TRACKER — TEAM LEOU
B4: # | C4: Employee Name | D4: Position | E4: Date Hired | F4: Risk Status | G4: Frequent Tardiness | H4: Increased Absences | I4: Low Productivity | J4: Disengagement in Team Huddles | K4: Job Hunting Signals | L4: Conflicts with Teammates | M4: Decline in QA/NPS Scores | N4: Reduced Initiative | O4: Requesting LOA/Personal Leaves | P4: Withdrawal from Social Activities | Q4: With Active CAP? | R4: Risk Score | S4: Rating for the past 3 months | T4: TL Notes | U4: Last Updated
B5: 1 | C5: Xena Garcia | D5: QA Analyst | E5: 03/01/2020 | F5: ⚫ BLACK | G5: YES | H5: YES | I5: YES | J5: YES | K5: YES | L5: NO | M5: NO | N5: YES | O5: NO | P5: NO | Q5: YES | R5: =COUNTIF(G5:Q5,"YES") -> 7
B6: 2 | C6: Jose Concepcion | D6: Subject Matter Expert | E6: 09/01/2022 | F6: 🔴 RED | G6: NO | H6: YES | I6: YES | J6: NO | K6: NO | L6: NO | M6: YES | N6: NO | O6: NO | P6: YES | Q6: YES | R6: =COUNTIF(G6:Q6,"YES") -> 5
B7: 3 | C7: Ivy Dela Cruz | D7: Trainer | E7: 12/01/2019 | F7: 🔴 RED | G7: NO | H7: YES | I7: NO | J7: YES | K7: NO | L7: NO | M7: NO | N7: YES | O7: YES | P7: NO | Q7: YES | R7: =COUNTIF(G7:Q7,"YES") -> 5
B8: 4 | C8: Trisha Ramos | D8: Senior Specialist | E8: 09/01/2023 | F8: 🟢 GREEN | G8: NO | H8: NO | I8: NO | J8: YES | K8: YES | L8: NO | M8: NO | N8: YES | O8: YES | P8: YES | Q8: YES | R8: =COUNTIF(G8:Q8,"YES") -> 6
B9: 5 | C9: Ems Garcia | D9: Subject Matter Expert | E9: 02/01/2019 | F9: ⚫ BLACK | G9: YES | H9: NO | I9: YES | J9: YES | K9: NO | L9: NO | M9: YES | N9: NO | O9: NO | P9: NO | Q9: YES | R9: =COUNTIF(G9:Q9,"YES") -> 5
B10: 6 | C10: Alma Concepcion | D10: Trainer | E10: 09/01/2020 | F10: 🟡 YELLOW | G10: NO | H10: NO | I10: NO | J10: NO | K10: NO | L10: NO | M10: YES | N10: YES | O10: YES | P10: YES | Q10: YES | R10: =COUNTIF(G10:Q10,"YES") -> 5
B11: 7 | C11: Ric Cruz | D11: QA Analyst | E11: 10/01/2019 | F11: ⚫ BLACK | G11: NO | H11: YES | I11: YES | J11: YES | K11: YES | L11: YES | M11: YES | N11: YES | O11: NO | P11: YES | Q11: YES | R11: =COUNTIF(G11:Q11,"YES") -> 9
B12: 8 | C12: Uma Mendoza | D12: Subject Matter Expert | E12: 05/01/2020 | F12: ⚫ BLACK | G12: YES | H12: NO | I12: YES | J12: NO | K12: NO | L12: NO | M12: YES | N12: NO | O12: NO | P12: YES | Q12: YES | R12: =COUNTIF(G12:Q12,"YES") -> 5
B13: 9 | C13: Ana Santos | D13: PA Specialist | E13: 11/01/2019 | F13: ⚫ BLACK | G13: NO | H13: NO | I13: NO | J13: NO | K13: YES | L13: YES | M13: YES | N13: NO | O13: NO | P13: YES | Q13: YES | R13: =COUNTIF(G13:Q13,"YES") -> 5
B14: 10 | C14: Carlo Flores | D14: Senior Specialist | E14: 04/01/2020 | F14: ⚫ BLACK | G14: YES | H14: NO | I14: YES | J14: NO | K14: NO | L14: YES | M14: YES | N14: NO | O14: NO | P14: YES | Q14: YES | R14: =COUNTIF(G14:Q14,"YES") -> 6
B15: 11 | C15: Trisha Rivera | D15: PA Specialist | E15: 01/01/2023 | F15: 🟢 GREEN | G15: YES | H15: YES | I15: NO | J15: NO | K15: NO | L15: YES | M15: NO | N15: YES | O15: YES | P15: NO | Q15: YES | R15: =COUNTIF(G15:Q15,"YES") -> 6
B16: 12 | C16: Val Santos | D16: PA Specialist | E16: 05/01/2022 | F16: ⚫ BLACK | G16: NO | H16: NO | I16: NO | J16: NO | K16: YES | L16: YES | M16: NO | N16: YES | O16: YES | P16: NO | Q16: YES | R16: =COUNTIF(G16:Q16,"YES") -> 5
... B23: 19 | C23: Maria Peralta | D23: PA Specialist | E23: 05/01/2022 | F23: 🟢 GREEN | G23: YES | H23: NO | I23: YES | J23: NO | K23: YES | L23: NO | M23: NO | N23: NO | O23: NO | P23: YES | Q23: YES | R23: =COUNTIF(G23:Q23,"YES") -> 5

Sheet Team Alpha
B2: 🔍 EARLY WARNING SIGNS TRACKER — TEAM ALPHA
B4: # | C4: Employee Name | D4: Position | E4: Date Hired | F4: Risk Status | G4: Frequent Tardiness | H4: Increased Absences | I4: Low Productivity | J4: Disengagement in Team Huddles | K4: Job Hunting Signals | L4: Conflicts with Teammates | M4: Decline in QA Scores | N4: Reduced Initiative | O4: Requesting LOA/Personal Leaves | P4: Withdrawal from Social Activities | Q4: Risk Score | R4: TL Notes | S4: Last Updated
B5: 1 | C5: Donna Soriano | D5: PA Specialist | E5: 12/01/2019 | F5: 🟡 YELLOW | G5: NO | H5: YES | I5: NO | J5: NO | K5: NO | L5: YES | M5: NO | N5: YES | O5: YES | P5: NO | Q5: =COUNTIF(G5:P5,"YES") -> 4
B6: 2 | C6: Jake Bautista | D6: QA Analyst | E6: 06/01/2019 | F6: 🟡 YELLOW | G6: YES | H6: YES | I6: NO | J6: NO | K6: NO | L6: NO | M6: YES | N6: YES | O6: YES | P6: YES | Q6: =COUNTIF(G6:P6,"YES") -> 6
B7: 3 | C7: Ivy Ramos | D7: Trainer | E7: 03/01/2019 | F7: 🔴 RED | G7: NO | H7: YES | I7: NO | J7: YES | K7: YES | L7: NO | M7: YES | N7: NO | O7: YES | P7: YES | Q7: =COUNTIF(G7:P7,"YES") -> 6
B8: 4 | C8: Gio Peralta | D8: Trainer | E8: 05/01/2021 | F8: 🟡 YELLOW | G8: YES | H8: YES | I8: YES | J8: NO | K8: NO | L8: NO | M8: YES | N8: NO | O8: NO | P8: NO | Q8: =COUNTIF(G8:P8,"YES") -> 4
B9: 5 | C9: Dan Garcia | D9: Trainer | E9: 06/01/2023 | F9: 🟢 GREEN | G9: YES | H9: NO | I9: YES | J9: NO | K9: NO | L9: YES | M9: YES | N9: NO | O9: NO | P9: NO | Q9: =COUNTIF(G9:P9,"YES") -> 4
B10: 6 | C10: Carlo Tan | D10: Team Lead Support | E10: 07/01/2021 | F10: 🟢 GREEN | G10: NO | H10: NO | I10: YES | J10: NO | K10: YES | L10: NO | M10: YES | N10: NO | O10: NO | P10: YES | Q10: =COUNTIF(G10:P10,"YES") -> 4
B11: 7 | C11: Liza Villanueva | D11: QA Analyst | E11: 02/01/2022 | F11: 🔴 RED | G11: NO | H11: NO | I11: YES | J11: NO | K11: NO | L11: NO | M11: NO | N11: NO | O11: NO | P11: NO | Q11: =COUNTIF(G11:P11,"YES") -> 1
B12: 8 | C12: Eve Lopez | D12: Subject Matter Expert | E12: 04/01/2020 | F12: ⚫ BLACK | G12: NO | H12: YES | I12: NO | J12: NO | K12: NO | L12: NO | M12: NO | N12: YES | O12: NO | P12: NO | Q12: =COUNTIF(G12:P12,"YES") -> 2
B13: 9 | C13: Cris Ocampo | D13: Senior Specialist | E13: 10/01/2022 | F13: 🔴 RED | G13: NO | H13: NO | I13: NO | J13: YES | K13: NO | L13: NO | M13: YES | N13: YES | O13: NO | P13: NO | Q13: =COUNTIF(G13:P13,"YES") -> 3
B14: 10 | C14: Ana Concepcion | D14: Team Lead Support | E14: 06/01/2023 | F14: 🟢 GREEN | G14: YES | H14: NO | I14: YES | J14: YES | K14: YES | L14: YES | M14: YES | N14: YES | O14: NO | P14: NO | Q14: =COUNTIF(G14:P14,"YES") -> 7
B15: 11 | C15: Lito Delos Santos | D15: PA Specialist | E15: 07/01/2022 | F15: 🟡 YELLOW | G15: NO | H15: NO | I15: NO | J15: YES | K15: YES | L15: YES | M15: YES | N15: NO | O15: YES | P15: YES | Q15: =COUNTIF(G15:P15,"YES") -> 6
B16: 12 | C16: Mark Valencia | D16: Team Lead Support | E16: 08/01/2023 | F16: 🟢 GREEN | G16: NO | H16: YES | I16: YES | J16: NO | K16: YES | L16: NO | M16: NO | N16: NO | O16: NO | P16: NO | Q16: =COUNTIF(G16:P16,"YES") -> 3
... B23: 19 | C23: Zach Dela Cruz | D23: Trainer | E23: 04/01/2021 | F23: ⚫ BLACK | G23: NO | H23: NO | I23: NO | J23: NO | K23: NO | L23: NO | M23: YES | N23: NO | O23: YES | P23: NO | Q23: =COUNTIF(G23:P23,"YES") -> 2

Sheet Team Beta
B2: 🔍 EARLY WARNING SIGNS TRACKER — TEAM BETA
B4: # | C4: Employee Name | D4: Position | E4: Date Hired | F4: Risk Status | G4: Frequent Tardiness | H4: Increased Absences | I4: Low Productivity | J4: Disengagement in Team Huddles | K4: Job Hunting Signals | L4: Conflicts with Teammates | M4: Decline in QA Scores | N4: Reduced Initiative | O4: Requesting LOA/Personal Leaves | P4: Withdrawal from Social Activities | Q4: Risk Score | R4: TL Notes | S4: Last Updated
B5: 1 | C5: Gem Aquino | D5: PA Specialist | E5: 04/01/2021 | F5: 🟢 GREEN | G5: YES | H5: YES | I5: YES | J5: YES | K5: YES | L5: NO | M5: YES | N5: YES | O5: YES | P5: NO | Q5: =COUNTIF(G5:P5,"YES") -> 8
B6: 2 | C6: Carlo Dizon | D6: Team Lead Support | E6: 10/01/2019 | F6: 🟡 YELLOW | G6: NO | H6: NO | I6: NO | J6: YES | K6: NO | L6: NO | M6: YES | N6: YES | O6: NO | P6: YES | Q6: =COUNTIF(G6:P6,"YES") -> 4
B7: 3 | C7: Trisha Dizon | D7: Subject Matter Expert | E7: 05/01/2019 | F7: ⚫ BLACK | G7: NO | H7: YES | I7: YES | J7: NO | K7: YES | L7: YES | M7: NO | N7: NO | O7: YES | P7: NO | Q7: =COUNTIF(G7:P7,"YES") -> 5
B8: 4 | C8: Liza Tan | D8: PA Specialist | E8: 09/01/2021 | F8: ⚫ BLACK | G8: NO | H8: YES | I8: NO | J8: NO | K8: YES | L8: NO | M8: NO | N8: YES | O8: NO | P8: NO | Q8: =COUNTIF(G8:P8,"YES") -> 3
B9: 5 | C9: Ivy Castillo | D9: Team Lead Support | E9: 12/01/2022 | F9: 🟡 YELLOW | G9: NO | H9: YES | I9: NO | J9: NO | K9: NO | L9: NO | M9: NO | N9: NO | O9: NO | P9: NO | Q9: =COUNTIF(G9:P9,"YES") -> 1
B10: 6 | C10: Xena Miranda | D10: QA Analyst | E10: 04/01/2021 | F10: 🟢 GREEN | G10: NO | H10: NO | I10: YES | J10: NO | K10: NO | L10: NO | M10: NO | N10: NO | O10: YES | P10: NO | Q10: =COUNTIF(G10:P10,"YES") -> 2
B11: 7 | C11: Fred Torres | D11: QA Analyst | E11: 08/01/2020 | F11: 🟡 YELLOW | G11: NO | H11: NO | I11: NO | J11: NO | K11: NO | L11: NO | M11: NO | N11: YES | O11: NO | P11: YES | Q11: =COUNTIF(G11:P11,"YES") -> 2
B12: 8 | C12: Fred Villanueva | D12: PA Specialist | E12: 12/01/2020 | F12: ⚫ BLACK | G12: NO | H12: NO | I12: YES | J12: NO | K12: NO | L12: NO | M12: YES | N12: YES | O12: NO | P12: YES | Q12: =COUNTIF(G12:P12,"YES") -> 4
B13: 9 | C13: Gio Hernandez | D13: Trainer | E13: 05/01/2020 | F13: 🔴 RED | G13: NO | H13: NO | I13: NO | J13: NO | K13: NO | L13: NO | M13: NO | N13: NO | O13: NO | P13: NO | Q13: =COUNTIF(G13:P13,"YES") -> 0
B14: 10 | C14: Ivy Soriano | D14: QA Analyst | E14: 04/01/2021 | F14: 🟢 GREEN | G14: YES | H14: NO | I14: YES | J14: NO | K14: YES | L14: YES | M14: YES | N14: NO | O14: NO | P14: NO | Q14: =COUNTIF(G14:P14,"YES") -> 5
B15: 11 | C15: Alma Gonzales | D15: Subject Matter Expert | E15: 05/01/2023 | F15: 🟢 GREEN | G15: YES | H15: NO | I15: YES | J15: NO | K15: YES | L15: NO | M15: YES | N15: NO | O15: YES | P15: NO | Q15: =COUNTIF(G15:P15,"YES") -> 5
B16: 12 | C16: Rosa Lopez | D16: PA Specialist | E16: 09/01/2019 | F16: 🔴 RED | G16: YES | H16: NO | I16: YES | J16: YES | K16: NO | L16: NO | M16: NO | N16: NO | O16: NO | P16: NO | Q16: =COUNTIF(G16:P16,"YES") -> 3
... B23: 19 | C23: Sara Dela Cruz | D23: QA Analyst | E23: 09/01/2023 | F23: ⚫ BLACK | G23: NO | H23: YES | I23: NO | J23: YES | K23: NO | L23: NO | M23: NO | N23: NO | O23: YES | P23: YES | Q23: =COUNTIF(G23:P23,"YES") -> 4

Sheet Team Gamma
B2: 🔍 EARLY WARNING SIGNS TRACKER — TEAM GAMMA
B4: # | C4: Employee Name | D4: Position | E4: Date Hired | F4: Risk Status | G4: Frequent Tardiness | H4: Increased Absences | I4: Low Productivity | J4: Disengagement in Team Huddles | K4: Job Hunting Signals | L4: Conflicts with Teammates | M4: Decline in QA Scores | N4: Reduced Initiative | O4: Requesting LOA/Personal Leaves | P4: Withdrawal from Social Activities | Q4: Risk Score | R4: TL Notes | S4: Last Updated
B5: 1 | C5: Alma Bautista | D5: Senior Specialist | E5: 10/01/2023 | F5: 🟢 GREEN | G5: NO | H5: NO | I5: YES | J5: YES | K5: NO | L5: NO | M5: NO | N5: NO | O5: YES | P5: NO | Q5: =COUNTIF(G5:P5,"YES") -> 3
B6: 2 | C6: Gem Peralta | D6: Trainer | E6: 02/01/2022 | F6: ⚫ BLACK | G6: NO | H6: NO | I6: NO | J6: NO | K6: YES | L6: YES | M6: NO | N6: NO | O6: NO | P6: NO | Q6: =COUNTIF(G6:P6,"YES") -> 2
B7: 3 | C7: Juan Dela Cruz | D7: Team Lead Support | E7: 09/01/2022 | F7: 🟢 GREEN | G7: NO | H7: YES | I7: NO | J7: NO | K7: NO | L7: YES | M7: NO | N7: NO | O7: YES | P7: NO | Q7: =COUNTIF(G7:P7,"YES") -> 3
B8: 4 | C8: Ana Ocampo | D8: Trainer | E8: 01/01/2022 | F8: 🟡 YELLOW | G8: NO | H8: NO | I8: NO | J8: NO | K8: NO | L8: YES | M8: YES | N8: NO | O8: NO | P8: YES | Q8: =COUNTIF(G8:P8,"YES") -> 3
B9: 5 | C9: Bea Tan | D9: QA Analyst | E9: 12/01/2022 | F9: ⚫ BLACK | G9: YES | H9: YES | I9: NO | J9: YES | K9: YES | L9: NO | M9: NO | N9: YES | O9: NO | P9: NO | Q9: =COUNTIF(G9:P9,"YES") -> 5
B10: 6 | C10: Ivy Cruz | D10: PA Specialist | E10: 02/01/2020 | F10: ⚫ BLACK | G10: YES | H10: YES | I10: NO | J10: NO | K10: NO | L10: NO | M10: NO | N10: NO | O10: NO | P10: YES | Q10: =COUNTIF(G10:P10,"YES") -> 3
B11: 7 | C11: Gio Valencia | D11: Trainer | E11: 03/01/2023 | F11: ⚫ BLACK | G11: YES | H11: NO | I11: NO | J11: YES | K11: YES | L11: NO | M11: NO | N11: NO | O11: NO | P11: NO | Q11: =COUNTIF(G11:P11,"YES") -> 3
B12: 8 | C12: Ted Magno | D12: PA Specialist | E12: 12/01/2021 | F12: 🔴 RED | G12: NO | H12: NO | I12: NO | J12: YES | K12: NO | L12: NO | M12: NO | N12: NO | O12: NO | P12: NO | Q12: =COUNTIF(G12:P12,"YES") -> 1
B13: 9 | C13: Ces Bautista | D13: Subject Matter Expert | E13: 08/01/2022 | F13: 🔴 RED | G13: YES | H13: YES | I13: NO | J13: NO | K13: YES | L13: NO | M13: YES | N13: NO | O13: NO | P13: NO | Q13: =COUNTIF(G13:P13,"YES") -> 4
B14: 10 | C14: Gio Gonzales | D14: Trainer | E14: 08/01/2020 | F14: 🟢 GREEN | G14: YES | H14: NO | I14: NO | J14: NO | K14: YES | L14: NO | M14: YES | N14: NO | O14: NO | P14: YES | Q14: =COUNTIF(G14:P14,"YES") -> 4
B15: 11 | C15: Neil Tan | D15: Team Lead Support | E15: 07/01/2020 | F15: 🟡 YELLOW | G15: YES | H15: NO | I15: NO | J15: NO | K15: NO | L15: NO | M15: YES | N15: NO | O15: NO | P15: NO | Q15: =COUNTIF(G15:P15,"YES") -> 2
B16: 12 | C16: Yam Castillo | D16: QA Analyst | E16: 09/01/2022 | F16: 🟢 GREEN | G16: NO | H16: YES | I16: YES | J16: NO | K16: YES | L16: YES | M16: NO | N16: YES | O16: YES | P16: NO | Q16: =COUNTIF(G16:P16,"YES") -> 6
... B23: 19 | C23: Uma Tan | D23: Team Lead Support | E23: 02/01/2020 | F23: 🔴 RED | G23: NO | H23: NO | I23: YES | J23: YES | K23: YES | L23: NO | M23: NO | N23: NO | O23: NO | P23: NO | Q23: =COUNTIF(G23:P23,"YES") -> 3

Sheet ⚫ Confirmed Attrition
B2: ⚫ CONFIRMED ATTRITION REGISTER — All Teams
B4: # | C4: Employee Name | D4: Team | E4: Position | F4: Date Hired | G4: Confirmed Date | H4: Last Risk Status | I4: TL Notes
B5: 1 | C5: Xena Garcia | D5: Team Leou | E5: PA Specialist | F5: 03/01/2021 | G5: 04/10/2025 | H5: ⚫ BLACK | I5: Resignation confirmed.
B6: 2 | C6: Jose Concepcion | D6: Team Leou | E6: Senior Specialist | F6: 03/01/2021 | G6: 04/10/2025 | H6: ⚫ BLACK | I6: Resignation confirmed.
B7: 3 | C7: Donna Soriano | D7: Team Alpha | E7: Senior Specialist | F7: 03/01/2021 | G7: 04/10/2025 | H7: ⚫ BLACK | I7: Resignation confirmed.
B8: 4 | C8: Jake Bautista | D8: Team Alpha | E8: Senior Specialist | F8: 03/01/2021 | G8: 04/10/2025 | H8: ⚫ BLACK | I8: Resignation confirmed.
B9: 5 | C9: Gem Aquino | D9: Team Beta | E9: Senior Specialist | F9: 03/01/2021 | G9: 04/10/2025 | H9: ⚫ BLACK | I9: Resignation confirmed.
B10: 6 | C10: Carlo Dizon | D10: Team Beta | E10: PA Specialist | F10: 03/01/2021 | G10: 04/10/2025 | H10: ⚫ BLACK | I10: Resignation confirmed.
B11: 7 | C11: Alma Bautista | D11: Team Gamma | E11: Senior Specialist | F11: 03/01/2021 | G11: 04/10/2025 | H11: ⚫ BLACK | I11: Resignation confirmed.
B12: 8 | C12: Gem Peralta | D12: Team Gamma | E12: PA Specialist | F12: 03/01/2021 | G12: 04/10/2025 | H12: ⚫ BLACK | I12: Resignation confirmed.
B14: 📌 HOW TO USE: Go to any Team sheet → change Risk Status to '⚫ BLACK' → manually copy that row here OR use the Macro button on the Dashboard to auto-transfer.

Sheet 📋 Legend & Guide
B2: 📋 LEGEND & USER GUIDE
B4: STATUS | C4: MEANING | D4: ACTION REQUIRED
B5: 🟢 GREEN | C5: Employee is engaged and performing well. | D5: Continue regular check-ins and recognition.
B6: 🟡 YELLOW | C6: Mild warning signs present (1–3 indicators). | D6: Schedule 1-on-1 coaching. Document observations.
B7: 🔴 RED | C7: Multiple warning signs (4–7 indicators). High flight risk. | D7: Immediate retention conversation. Escalate to HR if needed.
B8: ⚫ BLACK | C8: Confirmed resignation or termination. | D8: Transfer to Confirmed Attrition sheet. Begin transition plan.
B11: WARNING INDICATORS EXPLAINED
B12: Frequent Tardiness | C12: Arriving late consistently (3+ times/week).
B13: Increased Absences | C13: Unplanned or unexcused absences rising.
B14: Low Productivity | C14: Consistent miss of daily/weekly targets.
B15: Disengagement in Team Huddles | C15: Not participating, camera-off, unresponsive.
B16: Job Hunting Signals | C16: LinkedIn activity, interviews, vague schedule blocks.
B17: Conflicts with Teammates | C17: Tension, complaints, or friction with peers.
B18: Decline in QA Scores | C18: QA average dropping below 98%.
B19: Reduced Initiative | C19: No longer taking on extra tasks or projects.
B20: Requesting LOA/Personal Leaves | C20: Increase in leave requests or personal time.
B21: Withdrawal from Social Activities | C21: No longer joining team events or celebrations.
